ID,Name,Proponent,Project Type,AFOLU Activities,Methodology,Status,Country/Area,Estimated Annual Emission Reductions,Region,Project Registration Date,Crediting Period Start Date,Crediting Period End Date,Total_Actual_VCUs_Issued,Actual_Issuance_Start_Date,Actual_Issuance_End_Date,t_actual_days,t_actual_years,Total_Estimated_ERs_Actual_Period,q_quotient,log_q_success_indicator,Regime,Technology_Category,Tech_Biomass and Waste,Tech_Energy Efficiency,Tech_Other Renewable,Scale_Category,Scale_Large,Is_International
4493,Varanasi Smart City Bio-Conversion Project,Gobardhan Varanasi Foundation SPV,Transport; Waste handling and disposal,,AMS-III.D.; AMS-III.AO.,Registered,India,4741,Asia,13-01-25,16-06-22,15-06-29,2,01-01-23,30-06-23,180,0.492813142,2336.427105,0.000856008,-7.063230983,VCS,Biomass and Waste,True,False,False,Small Scale,0,0
4413,Household Biogas Program for Smallholder Farmers in India by SPEF and NDDB,EKI Energy Services Limited,"Energy industries (renewable/non-renewable sources); Livestock, enteric fermentation, and manure management",,AMS-I.E.; AMS-III.R.,Registered,India,12319,Asia,10-05-24,13-08-21,12-08-28,3,01-01-22,31-01-23,395,1.081451061,13322.39562,0.000225185,-8.398589491,VCS,Other Renewable,False,False,True,Small Scale,0,0
4382,MSW to Compost through BSF Rearing process,Ento Proteins Private Limited,Waste handling and disposal,,AMS-III.F.,Registered,India,43793,Asia,13-12-24,09-12-21,08-12-28,2,12-09-21,31-12-22,475,1.300479124,56951.88227,3.51e-05,-10.25681484,VCS,Biomass and Waste,True,False,False,Small Scale,0,0
4334,"Biogas Project in Cuddalore, India",Global Carbon Solutions,Transport; Waste handling and disposal,,AMS-III.D.; AMS-III.AO.; AMS-III.AQ,Registered,India,28669,Asia,04-10-24,28-07-21,27-07-28,13345,01-01-22,30-04-23,484,1.325119781,37989.859,0.351277956,-1.046177473,VCS,Biomass and Waste,True,False,False,Small Scale,0,1
4250,CLEAN COOKSTOVE FOR GARO COMMUNITIES,GHE Impact Ventures Private Limited,Energy demand,,VMR0006,Registered,India,94759,Asia,08-05-24,19-10-22,18-10-29,11376,01-01-23,30-04-23,119,0.325804244,30872.88433,0.368478691,-0.998372396,VCS,Energy Efficiency,False,True,False,Large Scale,1,0
4229,RENEW SAKHI - IMPROVED COOKSTOVES - 01,ReNew Power Synergy Private Limited,Energy demand,,VMR0006,Registered,India,2648515,Asia,16-02-24,06-02-23,05-02-30,205769,02-06-23,30-06-24,394,1.07871321,2856988.118,0.072023051,-2.630769063,VCS,Energy Efficiency,False,True,False,Large Scale,1,0
4196,MicroEnergy Credits - Microfinance for Efficient Lighting Product Lines - India,MicroEnergy Credits Corp,Energy demand,,AMS-II.C.,Registered,India,43079,Asia,12-03-24,15-07-21,14-07-28,35307,01-01-22,31-03-23,454,1.242984257,53546.51882,0.659370595,-0.416469542,VCS,Energy Efficiency,False,True,False,Small Scale,0,0
4187,Floating Solar project of Greenam Energy,Greenam Energy Private Limited,Energy industries (renewable/non-renewable sources),,ACM0002,Registered,India,36376,Asia,19-09-24,12-01-22,11-01-29,2,01-12-22,28-02-23,89,0.24366872,8863.693361,0.00022564,-8.396571634,VCS,Other,False,False,False,Large Scale,1,0
3954,SUSTAINABLE CHARCOAL AND IMPROVED COOKSTOVE INITIATIVE USING MICRO-GASIFIER IN INDIA,"ECONEXUS Carbon Credit Co., Ltd.,",Chemical industry; Energy demand; Energy industries (renewable/non-renewable sources),,VMR0006; AMS-III.BG,Registered,India,3206158,Asia,14-05-24,10-09-22,09-09-29,3444,09-10-22,31-12-22,83,0.227241615,728572.5229,0.004727052,-5.354453585,VCS,Energy Efficiency,False,True,False,Small Scale,0,1
3949,Waste Management Project-1 by GLOBAL CARBON SOLUTIONS,Global Carbon Solutions,Transport; Waste handling and disposal,,AMS-III.D.; AMS-III.AO.; AMS-III.AQ,Registered,India,35936,Asia,02-12-24,24-02-21,23-02-28,24823,01-01-22,30-11-22,333,0.911704312,32763.00616,0.757653308,-0.277529375,VCS,Biomass and Waste,True,False,False,Small Scale,0,1
3889,Household Biogas Project in Madhya Pradesh & Jharkhand,Multiple Proponents,Energy industries (renewable/non-renewable sources),,AMS-I.E.,Registered,India,30154,Asia,30-05-23,01-03-21,28-02-31,30821,03-01-21,30-09-22,635,1.73853525,52423.79192,0.587920081,-0.531164257,VCS,Other Renewable,False,False,True,Small Scale,0,0
3769,SMG - Cookstove Program 1,Shri Maa Marketing Private Limited,Energy demand,,VMR0006,Registered,India,83186,Asia,18-12-23,01-11-22,31-10-29,47369,11-01-22,30-04-23,474,1.297741273,107953.9055,0.438789127,-0.823736329,VCS,Energy Efficiency,False,True,False,Large Scale,1,0
3689,Biodiesel Project by Rajputana Biodiesel Private Limited,Rajputana Biodiesel Private Limited,Chemical industry; Transport,,AMS-III.AK,Registered,India,126559,Asia,17-05-24,15-12-20,14-12-27,7121,01-01-21,31-08-22,607,1.661875428,210325.2923,0.033857079,-3.385607178,VCS,Other Renewable,False,False,True,Small Scale,0,0
3657,Grouped Commercial Vehicle EV Project in India,Multiple Proponents,Transport,,AMS-I.F.; AMS-III.C.,Registered,India,7052,Asia,05-09-23,23-03-21,22-03-31,65,01-01-22,30-09-22,272,0.744695414,5251.59206,0.012377199,-4.391899289,VCS,Other Renewable,False,False,True,Small Scale,0,0
3544,Solid Waste to Energy Production Facility Sonepat,JBM Environment Management Pvt Ltd,Energy industries (renewable/non-renewable sources); Waste handling and disposal,,ACM0022,Registered,India,152616,Asia,10-06-24,13-08-21,12-08-31,2,01-01-22,31-10-22,303,0.829568789,126605.4702,1.58e-05,-11.05568382,VCS,Biomass and Waste,True,False,False,Large Scale,1,0
3556,Grouped Rooftop Solar Project by Tata Power Renewable Energy Limited,Tata Power Renewable Energy Limited,Energy industries (renewable/non-renewable sources),,AMS-I.F.,Registered,India,17764,Asia,20-02-24,01-10-20,30-09-27,52309,10-01-20,31-01-24,1482,4.057494867,72077.33881,0.725734341,-0.320571252,VCS,Other Renewable,False,False,True,Small Scale,0,0
3534,7.81MW solar power project by AMPSolar Generation Private Limited,AMPSolar Generation Private Limited.,Energy industries (renewable/non-renewable sources),,AMS-I.F.,Registered,India,11212,Asia,06-06-24,26-12-20,25-12-27,2,01-01-21,31-10-22,668,1.828884326,20505.45106,9.75e-05,-9.235298855,VCS,Other Renewable,False,False,True,Small Scale,0,0
3286,Grouped Water Purification Project in India,Multiple Proponents,Energy demand,,AMS-III.AV.,Registered,India,23070,Asia,03-09-24,08-12-21,07-12-31,1537,12-08-21,23-07-23,710,1.943874059,44845.17454,0.034273476,-3.373383527,VCS,Energy Efficiency,False,True,False,Small Scale,0,0
3282,Solid Waste Management Project at Moradabad,HARI BHARI MORADABAD WASTE MANAGEMENT PRIVATE LIMITED,Waste handling and disposal,,ACM0022,Registered,India,52510,Asia,05-07-24,01-09-20,31-08-30,38388,09-01-20,31-03-22,812,2.223134839,116736.8104,0.328842289,-1.112177006,VCS,Biomass and Waste,True,False,False,Large Scale,1,0
3240,The Core Carbon,Core CarbonX Solutions Private Limited,Energy demand,,VMR0006,Registered,India,250712,Asia,15-08-23,03-05-22,02-05-29,6000,05-03-22,31-12-22,301,0.824093087,206610.026,0.029040217,-3.539073615,VCS,Energy Efficiency,False,True,False,Large Scale,1,0
3161,Displacement of firewood by household biogas stoves in India,Greneity Infocom Service Pvt Ltd,Energy industries (renewable/non-renewable sources),,AMS-I.E.,Registered,India,51409,Asia,10-01-23,01-09-20,31-08-30,127034,09-01-20,31-07-23,1299,3.556468172,182834.4723,0.694803329,-0.364126453,VCS,Other Renewable,False,False,True,Small Scale,0,0
3109,Biomass Cookstove Project in Jharkhand,Fair Climate Fund India Private Limited,Energy demand,,VMR0006,Registered,India,13957,Asia,22-12-22,01-09-20,31-08-30,14389,09-01-20,31-03-23,1177,3.222450376,44975.7399,0.319928033,-1.139659205,VCS,Energy Efficiency,False,True,False,Small Scale,0,0
3095,Biodiesel Project by Kotyark Industries Limited,Kotyark Industries Limited,Chemical industry,,ACM0017,Registered,India,270014,Asia,01-03-24,15-09-20,14-09-27,1000,01-01-21,31-12-21,364,0.996577687,269089.9274,0.00371623,-5.595045627,VCS,Other,False,False,False,Large Scale,1,0
3059,"Replacement of ICLs with LED lamps in Gujarat, India",AGS Carbon Advisory,Energy demand,,AMS-II.C.,Registered,India,53799,Asia,05-01-23,02-06-22,01-06-32,94817,06-02-22,01-06-24,846,2.316221766,124610.4148,0.760907507,-0.273243471,VCS,Energy Efficiency,False,True,False,Small Scale,0,1
2960,Changing Lives via Improved Cooking Initiative - India,Multiple Proponents,Energy demand,,VMR0006,Registered,India,3972774,Asia,22-02-24,03-08-23,02-08-30,101875,08-03-23,30-06-24,480,1.314168378,5220893.963,0.019512942,-3.936677352,VCS,Energy Efficiency,False,True,False,Large Scale,1,0
2939,Global Cookstove Program (EKI Phase 01),EKI Energy Services Limited,Energy demand,,VMR0006,Registered,India,190438,Asia,01-02-23,21-12-21,20-12-28,312444,01-01-22,31-12-23,729,1.995893224,380093.9138,0.822017898,-0.195993111,VCS,Energy Efficiency,False,True,False,Large Scale,1,0
2941,Global Cookstove Program (EKI Phase 03),EKI Energy Services Limited,Energy demand,,VMR0006,Registered,India,376969,Asia,18-10-24,10-04-22,09-04-29,167800,04-10-22,15-02-23,134,0.366872005,138299.373,1.213309911,0.193352089,VCS,Energy Efficiency,False,True,False,Large Scale,1,0
2943,Global Cookstove Program (EKI Phase 05),EKI Energy Services Limited,Energy demand,,VMR0006,Registered,India,2295219,Asia,21-10-24,01-10-22,30-09-29,75001,10-01-22,30-04-23,475,1.300479124,2984884.394,0.025126936,-3.683814849,VCS,Energy Efficiency,False,True,False,Large Scale,1,0
2944,Clean Cookstoves for Rural India,EKI Energy Services Limited,Energy demand,,VMR0006,Registered,India,714414,Asia,04-01-24,11-05-22,10-05-29,870015,05-11-22,31-12-23,421,1.152635181,823458.7105,1.056537491,0.054997044,VCS,Energy Efficiency,False,True,False,Large Scale,1,0
2922,Improved Cookstoves for Communities,Outreach Projects Pvt. Ltd.,Energy demand,,VMR0006,Registered,India,449956,,10-01-24,20-11-21,19-11-28,1162,01-01-22,31-12-22,364,0.996577687,448416.1095,0.002591343,-5.955578959,VCS,Energy Efficiency,False,True,False,Large Scale,1,0
2908,Biomass Cookstove Project in Meghalaya,Multiple Proponents,Energy demand,,VMR0006,Registered,India,44163,Asia,30-05-23,01-04-21,31-03-31,5000,04-01-21,31-12-21,361,0.988364134,43649.12526,0.114549833,-2.16674533,VCS,Energy Efficiency,False,True,False,Small Scale,0,0
2868,Women led cleaner cooking initiative in Odisha,SDG 13 Ventures Pte. Ltd.,Energy demand,,VMR0006,Registered,India,1558866,Asia,20-06-23,01-06-22,31-05-32,591288,06-01-22,30-06-24,906,2.480492813,3866755.91,0.152915781,-1.87786796,VCS,Energy Efficiency,False,True,False,Large Scale,1,1
2833,Grouped Reforestation Project by Cropzone Agro Forestry Private Limited,CropZone Agro Forestry Private Limited,Agriculture Forestry and Other Land Use,ARR,AR-ACM0003,Registered,India,10673,Asia,12-09-23,04-06-17,03-06-17,22708,06-04-17,10-02-22,1771,4.848733744,51750.53525,0.438797394,-0.82371749,VCS,Other,False,False,False,Large Scale,1,0
2708,BluSmart EV Project in India,BluSmart Mobility Private Limited,Energy industries (renewable/non-renewable sources); Transport,,AMS-I.F.; AMS-III.C.,Registered,India,25251,Asia,17-07-22,05-02-20,04-02-30,3440,02-05-20,31-03-24,1429,3.912388775,98791.72895,0.034820729,-3.357542415,VCS,Other Renewable,False,False,True,Small Scale,0,0
2700,SHINE - Distribution of LED lightbulbs in India-6,Brightspark Energy Pvt. Ltd.,Energy demand,,AMS-II.C.,Registered,India,1141778,Asia,29-11-22,25-03-21,24-03-31,538063,01-01-22,31-05-22,150,0.410677618,468902.6694,1.147494001,0.137580435,VCS,Energy Efficiency,False,True,False,Small Scale,0,0
2701,SHINE - Distribution of LED lightbulbs in India-7,Brightspark Energy Pvt. Ltd.,Energy demand,,AMS-II.C.,Registered,India,55903,Asia,29-11-22,14-12-21,13-12-31,40104,01-01-22,31-05-22,150,0.410677618,22958.11088,1.746833623,0.557804791,VCS,Energy Efficiency,False,True,False,Small Scale,0,0
2695,SHINE - Distribution of LED lightbulbs in India-5,Brightspark Energy Pvt. Ltd.,Energy demand,,AMS-II.C.,Registered,India,952806,Asia,29-11-22,19-03-21,18-03-31,391939,01-01-22,31-05-22,150,0.410677618,391296.0986,1.001643005,0.001641657,VCS,Energy Efficiency,False,True,False,Small Scale,0,0
2664,Installation of High Efficient Cook Stoves by EKI Energy Services Limited,EKI Energy Services Limited,Energy demand,,VMR0006,Registered,India,211856,Asia,23-11-22,15-02-20,14-02-27,619982,01-01-21,31-12-22,729,1.995893224,422841.9548,1.466226312,0.382691965,VCS,Energy Efficiency,False,True,False,Large Scale,1,0
2657,SHINE – Distribution of LED Lightbulbs in India-3,Multiple Proponents,Energy demand,,AMS-II.C.,Registered,India,55046,Asia,29-11-22,06-03-20,05-03-30,982595,01-01-21,31-12-22,729,1.995893224,109865.9384,8.943581735,2.19093615,VCS,Energy Efficiency,False,True,False,Small Scale,0,0
2608,SHINE - Distribution of LED lightbulbs in India-2,Multiple Proponents,Energy demand,,AMS-II.C.,Registered,India,55082,Asia,22-02-22,12-08-18,11-08-28,400944,01-01-21,31-12-22,729,1.995893224,109937.7906,3.647007985,1.293907101,VCS,Energy Efficiency,False,True,False,Small Scale,0,0
2533,Improved Cookstove Programme by SDG13 in India,SDG 13 Ventures Pte. Ltd.,Energy demand,,VMR0006,Registered,India,1966523,Asia,02-07-22,01-01-22,31-12-31,1351304,01-01-22,31-12-23,729,1.995893224,3924969.93,0.344283911,-1.066288638,VCS,Energy Efficiency,False,True,False,Large Scale,1,1
2479,Mahogany Plantation in India,Mahogani Vishwa Agro Pvt Ltd,Agriculture Forestry and Other Land Use,ARR,AR-ACM0003,Registered,India,8446,Asia,20-11-23,28-06-19,27-06-49,3766,01-01-20,13-10-22,1016,2.7816564,23493.86995,0.160297133,-1.830726104,VCS,Other,False,False,False,Large Scale,1,0
2473,Installation of High Efficient Cook Stoves by Enking International,EKI Energy Services Limited,Energy demand,,VMR0006,Registered,India,86825,Asia,09-06-22,16-10-19,15-10-26,275987,01-01-20,30-06-22,911,2.494182067,216557.358,1.274429105,0.242498318,VCS,Energy Efficiency,False,True,False,Large Scale,1,0
2436,Distribution of Improved cook stove - Phase 8,G K Energy Marketers Pvt. Ltd,Energy demand,,AMS-II.G.,Registered,India,12627,Asia,06-10-22,,,59479,11-01-12,31-10-17,2120,5.804243669,73290.1848,0.811554783,-0.208803386,VCS,Energy Efficiency,False,True,False,Small Scale,0,0
2437,Distribution of Improved cook stove - Phase 9,G K Energy Marketers Pvt. Ltd,Energy demand,,AMS-II.G.,Registered,India,13196,Asia,04-12-22,,,61474,11-08-12,07-11-17,1914,5.240246407,69150.29158,0.88899119,-0.117667954,VCS,Energy Efficiency,False,True,False,Small Scale,0,0
2439,Distribution of Improved cook stove - Phase 18,G K Energy Marketers Pvt. Ltd,Energy demand,,AMS-II.G.,Registered,India,12945,Asia,03-01-23,,,61178,10-06-12,05-10-17,1943,5.319644079,68862.79261,0.888404285,-0.118328364,VCS,Energy Efficiency,False,True,False,Small Scale,0,0
2440,Distribution of Improved cook stove - Phase 20,G K Energy Marketers Pvt. Ltd,Energy demand,,AMS-II.G.,Registered,India,12855,Asia,08-12-22,,,61485,10-07-12,06-10-17,1914,5.240246407,67363.36756,0.912736436,-0.091308119,VCS,Energy Efficiency,False,True,False,Small Scale,0,0
2441,Distribution of Improved cook stove - Phase 22,G K Energy Marketers Pvt. Ltd,Energy demand,,AMS-II.G.,Registered,India,12766,Asia,13-01-24,,,60865,10-08-12,07-10-17,1884,5.158110883,65848.44353,0.924319494,-0.078697494,VCS,Energy Efficiency,False,True,False,Small Scale,0,0
2442,Distribution of Improved cook stove - Phase 24,G K Energy Marketers Pvt. Ltd,Energy demand,,AMS-II.G.,Registered,India,12675,Asia,09-12-22,,,59605,10-09-12,08-10-17,1854,5.075975359,64337.98768,0.926435566,-0.076410782,VCS,Energy Efficiency,False,True,False,Small Scale,0,0
2443,Distribution of Improved cook stove - Phase 25,G K Energy Marketers Pvt. Ltd,Energy demand,,AMS-II.G.,Registered,India,12810,Asia,07-11-22,,,59165,10-04-12,03-10-17,2002,5.481177276,70213.8809,0.84263965,-0.171215874,VCS,Energy Efficiency,False,True,False,Small Scale,0,0
2444,Distribution of Improved cook stove - Phase 17,G K Energy Marketers Pvt. Ltd,Energy demand,,AMS-II.G.,Registered,India,12945,Asia,07-12-22,,,60070,10-02-12,01-10-17,2060,5.639972621,73009.44559,0.822770253,-0.195078275,VCS,Energy Efficiency,False,True,False,Small Scale,0,0
2446,Distribution of Improved cook stove - Phase 23,G K Energy Marketers Pvt. Ltd,Energy demand,,AMS-II.G.,Registered,India,12945,Asia,07-12-22,,,59873,10-03-12,02-10-17,2032,5.563312799,72017.08419,0.831372176,-0.184677719,VCS,Energy Efficiency,False,True,False,Small Scale,0,0
2447,Distribution of Improved cook stove - Phase 21,G K Energy Marketers Pvt. Ltd,Energy demand,,AMS-II.G.,Registered,India,13035,Asia,04-12-22,,,60747,10-03-12,02-10-17,2032,5.563312799,72517.78234,0.837684193,-0.177114107,VCS,Energy Efficiency,False,True,False,Small Scale,0,0
2448,Distribution of Improved cook stove - Phase 19,G K Energy Marketers Pvt. Ltd,Energy demand,,AMS-II.G.,Registered,India,12900,Asia,06-02-23,,,60086,10-02-12,01-10-17,2060,5.639972621,72755.64682,0.825860296,-0.191329653,VCS,Energy Efficiency,False,True,False,Small Scale,0,0
2425,Distribution of Improved cook stove - Phase IV,G K Energy Marketers Pvt. Ltd,Energy demand,,AMS-II.G.,Registered,India,12909,Asia,30-09-22,,,60215,10-04-12,03-10-17,2002,5.481177276,70756.51745,0.851017011,-0.161323161,VCS,Energy Efficiency,False,True,False,Small Scale,0,0
2426,Distribution of improved cook stove- phase V,G K Energy Marketers Pvt. Ltd,Energy demand,,AMS-II.G.,Registered,India,13062,Asia,30-09-22,,,61959,10-01-12,30-09-17,2090,5.722108145,74742.17659,0.828969704,-0.18757167,VCS,Energy Efficiency,False,True,False,Small Scale,0,0
2428,Distribution of Improved cook stove - Phase 14,G K Energy Marketers Pvt. Ltd,Energy demand,,AMS-II.G.,Registered,India,13050,Asia,07-12-22,,,61559,10-04-12,03-10-17,2002,5.481177276,71529.36345,0.860611601,-0.150111978,VCS,Energy Efficiency,False,True,False,Small Scale,0,0
2429,Distribution of Improved cook stove- Phase 15,G K Energy Marketers Pvt. Ltd,Energy demand,,AMS-II.G.,Registered,India,12843,Asia,31-07-23,,,58532,10-01-12,30-09-17,2090,5.722108145,73489.03491,0.796472563,-0.227562597,VCS,Energy Efficiency,False,True,False,Small Scale,0,0
2430,Distribution of Improved cook stove - Phase 16,G K Energy Marketers Pvt. Ltd,Energy demand,,AMS-II.G.,Registered,India,12945,Asia,07-11-22,,,61240,10-05-12,04-10-17,1973,5.401779603,69926.03696,0.875782508,-0.132637498,VCS,Energy Efficiency,False,True,False,Small Scale,0,0
2416,Distribution of Improved cook stove - Phase 12,G K Energy Marketers Pvt. Ltd,Energy demand,,AMS-II.G.,Registered,India,13930,Asia,13-12-22,,,60203,10-01-12,30-09-17,2090,5.722108145,79708.96646,0.755285166,-0.280659897,VCS,Energy Efficiency,False,True,False,Small Scale,0,0
2417,Distribution of Improved cook stove - Phase 13,G K Energy Marketers Pvt. Ltd,Energy demand,,AMS-II.G.,Registered,India,13420,Asia,07-12-22,,,60837,10-03-12,02-10-17,2032,5.563312799,74659.65777,0.81485774,-0.204741733,VCS,Energy Efficiency,False,True,False,Small Scale,0,0
2336,Energy Efficient Cook Stove Implementation in India,Enen Green Services Private Limited,Energy demand,,VMR0006,Registered,India,55890,Asia,07-12-21,28-06-19,27-06-29,104799,01-01-20,31-03-22,820,2.245037645,125475.154,0.835217146,-0.180063533,VCS,Energy Efficiency,False,True,False,Small Scale,0,0
51,29.70 MW Wind Power project in Karnataka India,ACCIONA WIND ENERGY PVT. LTD.,Energy industries (renewable/non-renewable sources),,ACM0002,Registered,India,88240,Asia,06-04-20,,,553366,06-06-08,31-05-18,3646,9.98220397,880829.6783,0.628232692,-0.464844652,VCS,Other,False,False,False,Large Scale,1,0
68,"119.8 MW Natural Gas based Combined Cycle Power Plant, at Tanjavur, Tamilnadu by M/s Aban  Power Company Limited",Lanco Tanjore Power Company Limited,Energy industries (renewable/non-renewable sources),,AM0029,Registered,India,181153,Asia,06-04-20,,,1377928,08-11-05,10-08-15,3562,9.752224504,1766644.726,0.779968932,-0.248501191,VCS,Other,False,False,False,Large Scale,1,0
117,"Waste heat recovery based power plant at Hindustan Zinc Limited, Chanderia",Hindustan Zinc Limited,Energy industries (renewable/non-renewable sources),,ACM0012,Registered,India,51609,Asia,06-04-20,,,131252,07-01-05,30-06-15,3826,10.47501711,540605.1581,0.242787177,-1.415570036,VCS,Other,False,False,False,Large Scale,1,0
132,"9 MW Neria Hyrdroelectric project, Karnataka, India",Bhoruka Power Corporation Limited,Energy industries (renewable/non-renewable sources),,AMS-I.D.,Registered,India,18663,Asia,29-08-09,,,95159,09-01-11,26-07-16,2025,5.544147844,103470.4312,0.919673368,-0.083736706,VCS,Other Renewable,False,False,True,Small Scale,0,0
255,"7.2 MW Nargund wind project for Grid system by Bhoruka Power Corporation Limited in Karnataka State, India.",Bhoruka Power Corporation Limited,Energy industries (renewable/non-renewable sources),,AMS-I.D.,Registered,India,18416,Asia,06-04-20,29-09-17,28-09-27,151981,01-01-08,28-09-17,3558,9.741273101,179395.2854,0.847185029,-0.165836157,VCS,Other Renewable,False,False,True,Small Scale,0,0
265,"4.5 MW Grouped Small Hydropower Projects for Grid system by Bhoruka Power Corporation Limited in Karnataka State, India.",Bhoruka Power Corporation Limited,Energy industries (renewable/non-renewable sources),,AMS-I.D.,Registered,India,16867,Asia,06-04-20,,,79730,04-01-06,29-02-16,3708,10.15195072,171232.9528,0.465622993,-0.764379,VCS,Other Renewable,False,False,True,Small Scale,0,0
268,2.5 MW WINDPOWERGENERATION PROJECT OF C.J.SHAH & CO,C . J . SHAH & CO,Energy industries (renewable/non-renewable sources),,AMS-I.D.,Registered,India,3697,Asia,06-01-10,,,35231,08-01-09,27-03-16,2635,7.214236824,26671.03354,1.320946185,0.278348287,VCS,Other Renewable,False,False,True,Small Scale,0,0
269,6.25 MW Wind Power Generation project of Salora International Limited,Salora International Limited,Energy industries (renewable/non-renewable sources),,AMS-I.D.,Registered,India,9440,Asia,06-01-10,,,73211,01-01-07,30-07-16,3498,9.577002053,90406.89938,0.809794391,-0.210974902,VCS,Other Renewable,False,False,True,Small Scale,0,0
274,Hanuman Ganga Hydro (4.95 MW) Plant at Uttarakhand,Regency Aquaelectro & Motelresorts Ltd.,Energy industries (renewable/non-renewable sources),,AMS-I.D.,Registered,India,18422,Asia,06-04-20,,,91386,01-01-07,27-03-16,3373,9.234770705,170122.9459,0.537176214,-0.621429093,VCS,Other Renewable,False,False,True,Small Scale,0,1
298,"Aryan Coal 15 MW Wind Project in Maharashtra, India",ACB (INDIA) LIMITED,Energy industries (renewable/non-renewable sources),,AMS-I.D.,Registered,India,23816,Asia,06-04-20,28-03-16,27-03-26,125819,01-01-07,27-03-16,3373,9.234770705,219935.2991,0.572072789,-0.558489042,VCS,Other Renewable,False,False,True,Small Scale,0,0
303,"Positive Climate Care 9.75 MW Bundled Wind Power Project Activity by Savita Oil Technologies Ltd. & its group companies in the state of Maharashtra, India",Savita Oil Technologies Limited,Energy industries (renewable/non-renewable sources),,AMS-I.D.,Registered,India,15480,Asia,01-02-10,,,69199,01-01-08,30-06-12,1642,4.495550992,69591.12936,0.994365239,-0.005650696,VCS,Other Renewable,False,False,True,Small Scale,0,0
349,"8.35 MW Wind Power Project at Guddarangavana Halli, District Chitradurga, State Karnataka, India.",MSPL Limited,Energy industries (renewable/non-renewable sources),,AMS-I.D.,Registered,India,17068,Asia,06-04-20,,,183394,04-01-06,31-03-16,3739,10.23682409,174722.1136,1.049632449,0.048440054,VCS,Other Renewable,False,False,True,Small Scale,0,0
376,"Positive Climate Care 8.25 MW Bundled Wind Power Project Activity by Savita Oil Technologies Limited in Hassan, Karnataka, India.",Savita Oil Technologies Limited,Energy industries (renewable/non-renewable sources),,AMS-I.D.,Registered,India,17757,Asia,04-05-10,,,137982,04-01-08,30-03-18,3738,10.23408624,181726.6694,0.759283161,-0.2753805,VCS,Other Renewable,False,False,True,Small Scale,0,0
458,6 MW Wind Power Project in Maharashtra by PTC India,PTC India Ltd.,Energy industries (renewable/non-renewable sources),,AMS-I.D.,Registered,India,11562,,06-04-20,,,116858,01-01-09,30-03-18,3375,9.240246407,106835.729,1.093810106,0.089667111,VCS,Other Renewable,False,False,True,Small Scale,0,0
482,2.5 MW Bundled Wind Power Project in Maharashtra (India),Raj Infrastructure Development (India) Pvt. Ltd.,Energy industries (renewable/non-renewable sources),,AMS-I.D.,Registered,India,3946,Asia,18-08-10,,,24987,01-01-08,24-04-17,3401,9.311430527,36742.90486,0.680049661,-0.385589452,VCS,Other Renewable,False,False,True,Small Scale,0,0
493,"5 MW Brahm Ganga Hydro – Electric Project at Kullu district of Himachal Pradesh, India",Harisons Hydel Construction Co. (P) Limited,Energy industries (renewable/non-renewable sources),,AMS-I.D.,Registered,India,17868,Asia,10-09-10,02-04-18,01-04-28,191068,04-02-08,01-04-18,3709,10.15468857,181443.9754,1.053041302,0.051682455,VCS,Other Renewable,False,False,True,Small Scale,0,0
498,"Grid-connected wind electricity generation project in Tamil Nadu, India",National Enterprises,Energy industries (renewable/non-renewable sources),,AMS-I.D.,Registered,India,7402,Asia,08-10-10,,,29626,01-01-10,31-12-15,2190,5.995893224,44381.60164,0.667528861,-0.404172652,VCS,Other Renewable,False,False,True,Small Scale,0,0
499,"Positive Climate Care 4.67 MW Bundled Grid connected Wind Power Project Activity in Jaisalmer, Rajasthan, India",Multiple Proponents,Energy industries (renewable/non-renewable sources),,AMS-I.D.,Registered,India,13233,Asia,06-04-20,,,47268,04-01-06,31-03-16,3739,10.23682409,135463.8932,0.348934309,-1.0528716,VCS,Other Renewable,False,False,True,Small Scale,0,0
508,"Natural Gas based Combined Cycle Power Project at Valantharavai Village, Ramanathapuram District, Tamil Nadu by Penna Electricity Limited [Formerly Arkay Energy Limited]",Pioneer Power Limited,Energy industries (renewable/non-renewable sources),,AM0029,Registered,India,90339,Asia,28-10-10,,,12,07-01-06,30-06-16,3827,10.47775496,946549.9055,1.27e-05,-11.27567232,VCS,Other,False,False,False,Large Scale,1,0
531,"1 MW Jiwa Small Hydel Project in Kullu, Himachal Pradesh",Chevron Hydel (Pvt.) Ltd.,Energy industries (renewable/non-renewable sources),,AMS-I.D.,Registered,India,4484,Asia,06-04-20,,,10539,01-04-07,03-01-09,643,1.760438056,7893.804244,1.335097714,0.289004483,VCS,Other Renewable,False,False,True,Small Scale,0,0
538,14.1 MW grid connected wind energy project in Tamilnadu by ITC Limited,ITC Limited,Energy industries (renewable/non-renewable sources),,AMS-I.D.,Registered,India,36182,Asia,06-04-20,,,183740,10-01-11,13-03-17,2254,6.171115674,223283.3073,0.822900745,-0.194919687,VCS,Other Renewable,False,False,True,Small Scale,0,0
563,Biomass based steam generation project by Sterling Agro Industries Ltd.,Sterling Agro Industries Ltd.,Energy industries (renewable/non-renewable sources),,AMS-I.C.,Registered,India,9500,Asia,06-04-20,,,173990,01-01-13,31-12-18,2190,5.995893224,56960.98563,3.054546864,1.116631256,VCS,Other Renewable,False,False,True,Small Scale,0,1
584,2.5 MW Rice husk based cogeneration plant at Hanuman Agro Industries Limited,Hanuman Agro Industries Ltd.,Energy industries (renewable/non-renewable sources),,AMS-I.C.,Registered,India,32563,Asia,06-04-20,,,190281,01-01-07,30-08-16,3529,9.661875428,314619.6496,0.604796936,-0.502862521,VCS,Other Renewable,False,False,True,Small Scale,0,1
617,"Electricity generation through wind power project at Jodhpur, Rajasthan",M/s Paranjape Autocast Pvt. Ltd.,Energy industries (renewable/non-renewable sources),,AMS-I.D.,Registered,India,5808,Asia,21-05-11,,,30890,01-01-13,29-03-19,2278,6.236824093,36223.47433,0.852761933,-0.159274864,VCS,Other Renewable,False,False,True,Small Scale,0,0
650,"Biomass Based Power Generation Plant at Village Channu, Punjab",Universal Biomass Energy Private Limited,Energy industries (renewable/non-renewable sources),,AMS-I.D.,Registered,India,74891,Asia,21-07-11,,,95284,01-01-10,28-02-11,423,1.158110883,86732.08214,1.098601552,0.094038054,VCS,Other Renewable,False,False,True,Small Scale,0,0
655,"24.8 MW Wind power project by Belgaum Wind Farms Private Ltd. in Gadag, Karnataka",Belgaum Wind Farms Private Limited,Energy industries (renewable/non-renewable sources),,ACM0002,Registered,India,51985,Asia,06-04-20,,,132061,07-07-08,06-07-18,3651,9.995893224,519636.5092,0.254141111,-1.369865609,VCS,Other,False,False,False,Large Scale,1,0
662,5.5 MW Bundled Wind Power Project by WMI Cranes Ltd,WMI Power Private Limited,Energy industries (renewable/non-renewable sources),,AMS-I.D.,Registered,India,8906,Asia,06-04-20,,,37957,01-01-08,20-10-17,3580,9.801505818,87292.21081,0.434826884,-0.832807296,VCS,Other Renewable,False,False,True,Small Scale,0,0
676,33.9 MW Bundled Wind Power project in states of Karnataka and Tamil Nadu,Techno Electric & Engineering Company Ltd,Energy industries (renewable/non-renewable sources),,ACM0002,Registered,India,81947,Asia,06-04-20,01-04-18,31-03-28,411306,04-01-08,30-03-18,3738,10.23408624,838652.6653,0.490436646,-0.712459171,VCS,Other,False,False,False,Large Scale,1,1
636,8MW biomass based power plant at Phagwara,JCT Ltd,Energy industries (renewable/non-renewable sources),,AMS-I.C.,Registered,India,29393,Asia,06-04-20,,,227187,12-01-12,30-09-18,2453,6.715947981,197401.859,1.150885818,0.140531923,VCS,Other Renewable,False,False,True,Small Scale,0,1
734,Wind power project by Patnaik Minerals Pvt. Ltd.,Patnaik Minerals Private Limited (PMPL),Energy industries (renewable/non-renewable sources),,ACM0002,Registered,India,64864,Asia,04-06-20,,,513884,05-01-07,30-04-17,3768,10.31622177,669151.4086,0.767963713,-0.264012796,VCS,Other,False,False,False,Large Scale,1,0
749,Grid Connected Renewable Power Generation from Wind Mills by L.S Mills,Multiple Proponents,Energy industries (renewable/non-renewable sources),,AMS-I.D.,Registered,India,18539,Asia,16-12-11,,,165710,01-01-07,07-03-16,3353,9.180013689,170188.2738,0.973686355,-0.026666044,VCS,Other Renewable,False,False,True,Small Scale,0,0
782,Grid connected wind energy project in Tamil Nadu by Super Wind Project Private Ltd.,Super Wind Project Private Ltd,Energy industries (renewable/non-renewable sources),,ACM0002,Registered,India,80087,Asia,06-04-20,,,379365,10-01-08,17-12-17,3629,9.935660507,795717.243,0.476758551,-0.740745098,VCS,Other,False,False,False,Large Scale,1,0
840,WIND POWER PROJECT BY M/S DHARIWAL INDUSTRIES LTD. AND M/S R. M. DHARIWAL (HUF),Multiple Proponents,Energy industries (renewable/non-renewable sources),,ACM0002,Registered,India,35919,Asia,06-04-20,,,323019,01-01-11,31-07-22,4229,11.57837098,415883.5072,0.776705482,-0.252694045,VCS,Other,False,False,False,Large Scale,1,0
891,"Bundled Wind Power generation project by Savita Oil Technologies Ltd., India",Savita Oil Technologies Limited,Energy industries (renewable/non-renewable sources),,AMS-I.D.,Registered,India,15000,Asia,13-09-12,,,118454,01-01-11,31-12-17,2556,6.997946612,104969.1992,1.128464358,0.120857734,VCS,Other Renewable,False,False,True,Small Scale,0,0
926,"Wind power project by Sargam Retails Pvt. Ltd. in Gujarat, India",Sargam Retails Pvt. Limited,Energy industries (renewable/non-renewable sources),,AMS-I.D.,Registered,India,16181,Asia,06-04-20,,,87644,01-01-10,31-03-22,4472,12.24366872,198114.8036,0.44238996,-0.815563524,VCS,Other Renewable,False,False,True,Small Scale,0,0
1021,Grid Connected Wind Power Project by M/s. D. J. Malpani in Rajasthan,M/s D. J. Malpani,Energy industries (renewable/non-renewable sources),,AMS-I.D.,Registered,India,13433,Asia,29-08-13,21-03-21,20-03-31,47157,10-01-16,31-03-22,2272,6.220396988,83558.59274,0.564358475,-0.572065635,VCS,Other Renewable,False,False,True,Small Scale,0,0
1039,AES Saurashtra Windfarms,Tata Power Renewable Energy Limited,Energy industries (renewable/non-renewable sources),,ACM0002,Registered,India,80385,Asia,16-04-13,,,573751,09-01-12,06-06-21,3436,9.407255305,756202.2177,0.758726947,-0.27611332,VCS,Other,False,False,False,Large Scale,1,0
1045,"Wind Power Project at Rajkot, Gujarat",ReNew Wind Energy (Rajkot) Private Limited,Energy industries (renewable/non-renewable sources),,ACM0002,Registered,India,47244,Asia,13-08-13,29-03-22,28-03-32,416338,07-01-15,31-12-23,3280,8.980150582,424258.2341,0.981331572,-0.018844882,VCS,Other,False,False,False,Large Scale,1,0
1069,"8 MW bundled wind power project, proposed by Ghodawat Industries (India) Pvt. Ltd.",Ghodawat Industries (I) Pvt.Ltd.,Energy industries (renewable/non-renewable sources),,AMS-I.D.,Registered,India,116926,Asia,06-04-20,,,55145,04-01-09,31-03-16,2643,7.23613963,846092.8624,0.065176061,-2.73066304,VCS,Other Renewable,False,False,True,Small Scale,0,0
1075,Kohinoor Wind Power Project in Rajasthan,Multiple Proponents,Energy industries (renewable/non-renewable sources),,ACM0002,Registered,India,37741,Asia,03-10-10,,,118407,03-11-10,31-12-15,1884,5.158110883,194672.2628,0.608237652,-0.497189599,VCS,Other,False,False,False,Large Scale,1,0
1088,"4.2 MW Wind Power Project by National Enterprises at Tamil Nadu, India",National Enterprises,Energy industries (renewable/non-renewable sources),,AMS-I.D.,Registered,India,9294,Asia,21-06-13,,,30981,04-01-12,31-03-18,2278,6.236824093,57965.04312,0.534477304,-0.626466011,VCS,Other Renewable,False,False,True,Small Scale,0,0
1114,SONAWADE SMALL HYDRO POWER PROJECT,Mahati Hydro Power Projects Private Limited,Energy industries (renewable/non-renewable sources),,AMS-I.D.,Registered,India,16995,Asia,23-10-13,14-09-20,13-09-30,155647,01-01-12,31-10-18,2495,6.830937714,116091.7864,1.340723618,0.293209482,VCS,Other Renewable,False,False,True,Small Scale,0,0
1160,"6.5 MW cogeneration project in Akbarpur, Punjab",Gillanders Arbuthnot & Co. Ltd,Energy industries (renewable/non-renewable sources),,AMS-I.C.,Registered,India,35044,Asia,29-10-12,,,308675,01-01-10,29-03-19,3374,9.237508556,323719.2498,0.953526861,-0.047587684,VCS,Other Renewable,False,False,True,Small Scale,0,1
1217,Electricity Generation through Wind Power by SRHHL,Sree Rayalaseema Hi-Strength Hypo Limited,Energy industries (renewable/non-renewable sources),,AMS-I.D.,Registered,India,11215,Asia,20-12-13,,,59928,01-10-10,25-09-19,3281,8.982888433,100743.0938,0.594859635,-0.519429809,VCS,Other Renewable,False,False,True,Small Scale,0,0
1236,25 MW Solar PV Project in Gujarat,Visual Percept Solar Projects Pvt. Ltd. (VPSPPL),Energy industries (renewable/non-renewable sources),,ACM0002,Registered,India,32763,Asia,06-04-20,,,239325,12-01-15,30-11-21,2514,6.882956879,225506.3162,1.061278478,0.059474292,VCS,Other,False,False,False,Large Scale,1,0
1254,"Yelisirur wind power project, India",Bhoruka Power Corporation Limited,Energy industries (renewable/non-renewable sources),,ACM0002,Registered,India,49451,Asia,26-02-14,,,336748,01-01-13,25-04-22,3401,9.311430527,460459.551,0.731330253,-0.312890139,VCS,Other,False,False,False,Large Scale,1,0
733,Biomass based steam generation project by Gujarat Ambuja Exports Ltd.,Gujarat Ambuja Exports Limited,Energy industries (renewable/non-renewable sources),,AMS-I.C.,Registered,India,45523,Asia,06-04-20,,,175826,04-01-08,31-12-17,3649,9.990417522,454793.7769,0.386605994,-0.950349209,VCS,Other Renewable,False,False,True,Small Scale,0,0
2242,Installation of wind power project in Rajasthan and Tamil Nadu,Wind Urja India Private Limited,Energy industries (renewable/non-renewable sources),,ACM0002,Registered,India,92328,Asia,05-01-21,01-04-16,31-03-26,249703,04-01-16,31-10-19,1396,3.822039699,352881.2813,0.707611917,-0.345859475,VCS,Other,False,False,False,Large Scale,1,0
2243,"Wind power project in Madhya Pradesh, India",Ratedi Wind Power Private Limited,Energy industries (renewable/non-renewable sources),,ACM0002,Registered,India,40546,Asia,09-02-21,25-08-16,24-08-26,125737,01-01-17,31-10-19,1033,2.828199863,114672.1916,1.096490772,0.092114873,VCS,Other,False,False,False,Large Scale,1,0
2244,Lalpur wind farm in Gujarat,Tadas Wind Energy Private Limited,Energy industries (renewable/non-renewable sources),,ACM0002,Registered,India,99859,Asia,14-01-21,,,275169,10-01-16,31-10-19,1390,3.805612594,380024.668,0.724081943,-0.322850712,VCS,Other,False,False,False,Large Scale,1,0
2245,"Wind power project in Rajasthan, India",Ratedi Wind Power Private Limited,Energy industries (renewable/non-renewable sources),,ACM0002,Registered,India,40546,Asia,14-01-21,01-07-18,30-06-28,54223,07-01-18,31-10-19,662,1.812457221,73487.89049,0.737849456,-0.304015465,VCS,Other,False,False,False,Large Scale,1,0
2248,Wind energy project by LWEPL-1,Lalpur Wind Energy Private Limited,Energy industries (renewable/non-renewable sources),,ACM0002,Registered,India,101865,Asia,25-11-20,01-01-17,31-12-26,295277,01-01-17,31-10-19,1033,2.828199863,288094.5791,1.024930774,0.024625073,VCS,Other,False,False,False,Large Scale,1,0
2069,Greenfield Solar Power Mission by Fortum India,Fortum India Private Limited,Energy industries (renewable/non-renewable sources),,ACM0002,Registered,India,412674,Asia,06-12-20,19-03-21,18-03-31,1803998,01-01-22,30-06-24,911,2.494182067,1029284.09,1.752672578,0.56114181,VCS,Other,False,False,False,Large Scale,1,0
2065,Renewable Energy Power Projects by Atria Power,Multiple Proponents,Energy industries (renewable/non-renewable sources),,ACM0002,Registered,India,314814,Asia,17-04-20,25-01-18,24-01-28,1009638,01-01-19,31-12-22,1460,3.997262149,1258394.086,0.802322588,-0.220244523,VCS,Other,False,False,False,Large Scale,1,0
2058,50MW Greenfield Solar Plant in UP by Jakson Group,Jakson Power Pvt. Ltd,Energy industries (renewable/non-renewable sources),,ACM0002,Registered,India,85873,Asia,27-07-21,01-07-21,30-06-31,50186,07-01-21,31-03-22,448,1.226557153,105328.1424,0.476472848,-0.741344539,VCS,Other,False,False,False,Large Scale,1,0
2059,Renewable Solar Power Project by Mahindra Renewables Private Limited,Mahindra Renewables Private Limited.,Energy industries (renewable/non-renewable sources),,ACM0002,Registered,India,389911,Asia,12-05-22,06-07-18,05-07-28,1355158,07-06-18,30-04-22,1423,3.89596167,1519078.311,0.892092258,-0.114185724,VCS,Other,False,False,False,Large Scale,1,0
2052,Renewable Wind Power Project by Axis Wind Farms (Rayalaseema) Pvt. Ltd,Axis Wind Farms (Rayalaseema) Pvt. Ltd,Energy industries (renewable/non-renewable sources),,ACM0002,Registered,India,202492,Asia,20-08-20,02-03-18,01-03-28,923672,03-02-18,30-09-22,1700,4.654346338,942467.8987,0.980056723,-0.020144829,VCS,Other,False,False,False,Large Scale,1,0
2042,Renewable Wind Power Project by Adani,Adani Green Energy Limited,Energy industries (renewable/non-renewable sources),,ACM0002,Registered,India,172333,Asia,24-03-21,29-06-19,28-06-29,1376160,01-01-20,31-08-23,1338,3.663244353,631297.8891,2.17989007,0.779274449,VCS,Other,False,False,False,Large Scale,1,0
2033,3.5 MW Small Hydro Project In Himachal Pradesh,Multiple Proponents,Energy industries (renewable/non-renewable sources),,AMS-I.D.,Registered,India,14462,Asia,23-08-20,23-02-18,22-02-28,45316,01-01-19,31-07-22,1307,3.578370979,51750.4011,0.875664711,-0.132772012,VCS,Other Renewable,False,False,True,Small Scale,0,0
2038,Energising Indian homes by Solar rooftop projects,Azure Power India Pvt ltd,Energy industries (renewable/non-renewable sources),,ACM0002,Registered,India,140874,Asia,12-04-21,28-12-17,27-12-27,68935,01-01-18,30-11-19,698,1.911019849,269213.0103,0.256061176,-1.362338894,VCS,Other,False,False,False,Large Scale,1,0
2023,Renewable Solar Power Project By Rishabh Renergy,Rishabh Renergy Private Limited,Energy industries (renewable/non-renewable sources),,AMS-I.D.,Registered,India,23089,Asia,12-07-21,28-03-18,27-03-28,47877,01-01-19,30-06-21,911,2.494182067,57588.16975,0.831368668,-0.184681938,VCS,Other Renewable,False,False,True,Small Scale,0,0
2026,Allain Duhangan Hydroelectric Project (ADHP),AD Hydro Power Limited,Energy industries (renewable/non-renewable sources),,ACM0002,Registered,India,494668,Asia,28-01-21,,,1535217,10-01-16,30-09-19,1359,3.72073922,1840530.628,0.834116519,-0.181382176,VCS,Other,False,False,False,Large Scale,1,0
2017,Karnataka Pavagada-II Solar Project by Avaada (150 MW),Avaada Solarise Energy Private Limited,Energy industries (renewable/non-renewable sources),,ACM0002,Registered,India,305870,Asia,18-11-20,08-11-19,07-11-29,522568,11-08-19,31-08-21,751,2.056125941,628907.2416,0.830914268,-0.185228657,VCS,Other,False,False,False,Large Scale,1,0
2019,"100 MW grid connected Wind Power project in Jamnagar Gujarat, India",Verdant Renewables Private Limited,Energy industries (renewable/non-renewable sources),,ACM0002,Registered,India,363796,Asia,03-11-22,21-06-19,20-06-29,1059054,01-01-20,31-03-23,1185,3.244353183,1180282.71,0.897288413,-0.108377938,VCS,Other,False,False,False,Large Scale,1,0
2020,250 MW Wind Power Project by Mytrah Energy,M/s Mytrah Vayu (Sabarmati) Pvt. Ltd,Energy industries (renewable/non-renewable sources),,ACM0002,Registered,India,506370,Asia,24-12-19,30-01-19,29-01-29,1853869,12-01-19,30-06-23,1630,4.462696783,2259775.77,0.820377413,-0.197990785,VCS,Other,False,False,False,Large Scale,1,0
1993,Bundled Wind Power project in Koppal Karnataka,Multiple Proponents,Energy industries (renewable/non-renewable sources),,ACM0002,Registered,India,266634,Asia,25-06-20,02-03-18,01-03-28,1289542,01-01-19,31-12-22,1460,3.997262149,1065805.996,1.209921885,0.1905558,VCS,Other,False,False,False,Large Scale,1,0
1985,"100 MW Bundled Wind Power Project in Anantapuram, Andhra Pradesh",Multiple Proponents,Energy industries (renewable/non-renewable sources),,ACM0002,Registered,India,192849,Asia,07-02-20,22-03-18,21-03-28,307114,01-01-19,31-12-22,1460,3.997262149,770868.0082,0.398400241,-0.920298149,VCS,Other,False,False,False,Large Scale,1,0
1990,"40MW Bundled Solar Project in Telangana, India",Multiple Proponents,Energy industries (renewable/non-renewable sources),,ACM0002,Registered,India,79241,Asia,16-03-20,22-12-17,21-12-27,378107,01-01-18,31-12-22,1825,4.996577687,395933.8125,0.954975271,-0.046069833,VCS,Other,False,False,False,Large Scale,1,0
1981,"Waste Heat Recovery Power Project at JK Cement Works (Unit of JK Cement Limited), Nimbahera, Chittorgarh, Rajasthan",JK Cement Ltd. (JKCL),Energy industries (renewable/non-renewable sources),,ACM0012,Registered,India,70796,Asia,16-03-22,,,221401,04-01-12,31-03-18,2278,6.236824093,441542.1985,0.501426592,-0.690298058,VCS,Other,False,False,False,Large Scale,1,1
1976,Renewable Solar Power Project by Shapoorji Pallonji,Multiple Proponents,Energy industries (renewable/non-renewable sources),,ACM0002,Registered,India,432770,Asia,23-08-20,08-04-18,07-04-28,1178056,01-01-19,30-09-21,1003,2.746064339,1188414.264,0.991283962,-0.008754245,VCS,Other,False,False,False,Large Scale,1,0
1968,Grid Connected Wind Energy Project in Gujarat,Apraava Energy Private Limited,Energy industries (renewable/non-renewable sources),,ACM0002,Registered,India,759489,Asia,08-05-20,07-04-23,06-04-33,254468,04-07-23,31-12-23,180,0.492813142,374286.1602,0.679875526,-0.385845548,VCS,Other,False,False,False,Large Scale,1,0
1946,Renewable Wind Power Project by Hero Future Energies,Hero Future Energies Private Limited,Energy industries (renewable/non-renewable sources),,ACM0002,Registered,India,50140,Asia,09-09-19,29-12-17,28-12-27,225066,10-01-19,30-06-22,1267,3.468856947,173928.4873,1.294014589,0.25774947,VCS,Other,False,False,False,Large Scale,1,0
1941,Sustainable City Projects at India’s Cleanest City- Indore,Indore Smart City Development Ltd,Energy industries (renewable/non-renewable sources); Waste handling and disposal,,ACM0002; ACM0022,Registered,India,283396,Asia,26-08-19,12-10-17,11-10-27,339834,10-12-17,31-12-20,1117,3.058179329,866675.7892,0.392112026,-0.936207698,VCS,Biomass and Waste,True,False,False,Large Scale,1,1
1934,"Patikari Hydro Electric Power Project in Distt-Mandi, Himachal Pradesh, India",Patikari Power Private Limited,Energy industries (renewable/non-renewable sources),,ACM0002,Registered,India,58583,Asia,15-06-20,,,257116,11-01-12,17-01-18,2198,6.01779603,352540.5448,0.729323205,-0.315638292,VCS,Other,False,False,False,Large Scale,1,0
1931,Energising India using Solar Energy Projects,Azure Power India Pvt ltd,Energy industries (renewable/non-renewable sources),,ACM0002,Registered,India,684229,Asia,26-11-19,19-09-17,18-09-27,3470882,01-01-18,30-09-22,1733,4.744695414,3246458.198,1.069128813,0.066844123,VCS,Other,False,False,False,Large Scale,1,0
1920,24.45 MW Biomass based project in Punjab,Satia Industries Limited,Energy industries (renewable/non-renewable sources),,ACM0006,Registered,India,208613,Asia,17-09-19,15-09-17,14-09-27,157173,01-01-18,31-12-20,1095,2.997946612,625410.6366,0.251311684,-1.381061343,VCS,Other,False,False,False,Large Scale,1,0
1914,150 MW Solar Project in Karnataka by Avaada Solar,Avaada Solar Energy Private Limited,Energy industries (renewable/non-renewable sources),,ACM0002,Registered,India,319470,Asia,08-05-20,20-12-18,19-12-28,753847,06-01-19,31-08-21,968,2.650239562,846672.0329,0.890364829,-0.11612398,VCS,Other,False,False,False,Large Scale,1,0
1904,Wind Power Project in Tamil Nadu by Green Infra Renewable Energy Limited,Green Infra Renewable Energy Limited,Energy industries (renewable/non-renewable sources),,ACM0002,Registered,India,707515,Asia,07-09-20,08-10-18,07-10-28,3769179,10-08-18,31-08-24,2213,6.058863792,4286737.016,0.879265275,-0.128668635,VCS,Other,False,False,False,Large Scale,1,0
1893,"18 MW Kemphole Mini Hydel Scheme (KMHS), by International Power Corporation Limited, India",International Power Corporation Limited,Energy industries (renewable/non-renewable sources),,ACM0002,Registered,India,44548,Asia,29-07-19,,,220652,12-01-14,30-09-21,2818,7.715263518,343699.5592,0.641990931,-0.443181102,VCS,Other,False,False,False,Large Scale,1,0
1891,Kishanganga Hydroelectric Project,NHPC Ltd,Energy industries (renewable/non-renewable sources),,ACM0002,Registered,India,1563247,Asia,09-07-19,13-03-18,12-03-28,685478,01-01-19,31-05-19,150,0.410677618,641990.5544,1.067738451,0.065542814,VCS,Other,False,False,False,Large Scale,1,1
1890,Grid Connected Solar Energy Project,Apraava Energy Private Limited,Energy industries (renewable/non-renewable sources),,ACM0002,Registered,India,289503,Asia,08-05-19,07-08-17,06-08-27,1784173,08-07-17,31-08-23,2245,6.146475017,1779422.957,1.002669429,0.002665872,VCS,Other,False,False,False,Large Scale,1,0
1877,Thangarabalu Small Hydel Project at Karnataka,Kare Power Resources Private Limited. (KPRPL),Energy industries (renewable/non-renewable sources),,ACM0002,Registered,India,53983,Asia,12-03-21,16-09-15,15-09-25,58186,01-01-16,31-12-17,730,1.998631075,107892.1013,0.539298051,-0.61748689,VCS,Other,False,False,False,Large Scale,1,0
1878,"Bundled renewable energy project in Gujarat and Karnataka, India",Multiple Proponents,Energy industries (renewable/non-renewable sources),,AMS-I.D.,Registered,India,11842,Asia,20-03-19,08-03-18,07-03-28,41663,03-08-18,31-08-22,1489,4.076659822,48275.80561,0.863020295,-0.147317071,VCS,Other Renewable,False,False,True,Small Scale,0,0
1862,Bundled Wind Power Project in Gujarat and Tamil Nadu,Multiple Proponents,Energy industries (renewable/non-renewable sources),,AMS-I.D.,Registered,India,29987,Asia,23-02-21,,,118336,01-01-18,31-07-21,1307,3.578370979,107304.6105,1.102804431,0.097856418,VCS,Other Renewable,False,False,True,Small Scale,0,0
1163,Wind Power Project in Tirupur District,NSL WInd Power Company Phoolwadi Private Limited,Energy industries (renewable/non-renewable sources),,ACM0002,Registered,India,109306,Asia,06-04-20,,,831557,07-11-11,10-07-21,3533,9.672826831,1057298.01,0.786492543,-0.240172038,VCS,Other,False,False,False,Large Scale,1,0
1861,3.5MW Manuni Hydro Electric Project in Himanchal Pradesh by Winsome Textile Industries Ltd,Winsome Textile Industries Limited,Energy industries (renewable/non-renewable sources),,AMS-I.D.,Registered,India,17619,Asia,09-07-20,31-03-17,30-03-27,51723,01-01-20,31-12-21,730,1.998631075,35213.8809,1.468824187,0.384462208,VCS,Other Renewable,False,False,True,Small Scale,0,0
1210,Green Energy Project at Kutch by Powerica Limited,POWERICA LIMITED,Energy industries (renewable/non-renewable sources),,ACM0002,Registered,India,53122,,06-04-20,,,455497,01-01-13,31-12-22,3651,9.995893224,531001.8398,0.857806821,-0.153376356,VCS,Other,False,False,False,Large Scale,1,0
1211,Green Energy Project at Gujarat by Powerica Limited,POWERICA LIMITED,Energy industries (renewable/non-renewable sources),,ACM0002,Registered,India,61360,,04-08-14,,,560602,01-01-14,24-02-22,2976,8.147843943,499951.7043,1.121312309,0.114499704,VCS,Other,False,False,False,Large Scale,1,0
700,Wind power project at Tamilnadu by Powerica Limited,POWERICA LIMITED,Energy industries (renewable/non-renewable sources),,ACM0002,Registered,India,32956,Asia,04-06-20,,,354701,01-01-10,30-06-23,4928,13.49212868,444646.5927,0.797714423,-0.226004612,VCS,Other,False,False,False,Large Scale,1,0
701,Wind power project at Gujarat by Powerica Limited,POWERICA LIMITED,Energy industries (renewable/non-renewable sources),,AMS-I.D.,Registered,India,29443,Asia,06-04-20,,,244452,04-01-10,31-12-22,4744,12.98836413,382416.4052,0.639229899,-0.44749111,VCS,Other Renewable,False,False,True,Small Scale,0,0
1857,Grouped OFF-GRID Renewable Energy Project in India,Multiple Proponents,Energy industries (renewable/non-renewable sources),,AMS-I.F.,Registered,India,38366,Asia,01-04-19,01-04-17,31-03-27,12500,04-01-17,31-08-21,1700,4.654346338,178568.6516,0.070001089,-2.659244486,VCS,Other Renewable,False,False,True,Small Scale,0,0
1856,Bundled Wind Power Project by Sembcorp Green Infra Limited in India,Green Infra Wind Energy Limited,Energy industries (renewable/non-renewable sources),,ACM0002,Registered,India,191006,Asia,08-05-19,02-03-17,01-03-27,1185831,03-02-17,30-04-24,2643,7.23613963,1382146.086,0.857963577,-0.153193632,VCS,Other,False,False,False,Large Scale,1,0
1854,20 MWAC (22 MWDC) SKCIL SOLAR POWER PLANT PROJECT,Shri Keshav Cements & Infra Ltd.,Energy industries (renewable/non-renewable sources),,ACM0002,Registered,India,33707,Asia,23-04-20,01-04-18,31-03-28,152551,04-01-18,30-09-22,1730,4.736481862,159652.5941,0.955518455,-0.045501201,VCS,Other,False,False,False,Large Scale,1,0
1853,9.9 MW Wind Power Project by KPL International Ltd. in Gujarat,KPL International Limited,Energy industries (renewable/non-renewable sources),,AMS-I.D.,Registered,India,24232,Asia,17-01-19,28-02-17,27-02-27,119563,01-01-18,31-01-22,1491,4.082135524,98918.30801,1.208704459,0.189549091,VCS,Other Renewable,False,False,True,Small Scale,0,0
1842,100 MW SOLAR PROJECT IN BHADLA IN RAJASTHAN.,Clean Sustainable Energy Pvt. Ltd.,Energy industries (renewable/non-renewable sources),,ACM0002,Registered,India,176539,Asia,03-01-19,16-09-18,15-09-28,618866,11-01-18,31-08-21,1328,3.635865845,641872.1205,0.964157782,-0.036500323,VCS,Other,False,False,False,Large Scale,1,0
1844,80 MW SOLAR BY FERMI SOLAR FARMS PVT LTD - CHALISGAON.,Fermi Solar Farms Pvt. Ltd.,Energy industries (renewable/non-renewable sources),,ACM0002,Registered,India,206705,Asia,31-12-18,14-04-18,13-04-28,474139,11-01-18,31-08-21,1328,3.635865845,751551.6496,0.630880127,-0.460639408,VCS,Other,False,False,False,Large Scale,1,0
1831,"Wind Energy Project at Devbhoomi Dwaraka,Gujarat by Powerica Limited",POWERICA LIMITED,Energy industries (renewable/non-renewable sources),,ACM0002,Registered,India,42210,Asia,21-03-19,,,339471,01-01-16,31-12-22,2556,6.997946612,295383.3265,1.149255796,0.139114599,VCS,Other,False,False,False,Large Scale,1,0
1197,Chakala Wind Power Project in Maharashtra,M/s Bindu Vayu Urja Private Limited,Energy industries (renewable/non-renewable sources),,ACM0002,Registered,India,74307,Asia,17-07-14,,,586701,01-01-14,29-12-21,2919,7.991786448,593845.6756,0.987968801,-0.01210416,VCS,Other,False,False,False,Large Scale,1,0
1830,Wind Power Project at Theni by Powerica Limited,POWERICA LIMITED,Energy industries (renewable/non-renewable sources),,AMS-I.D.,Registered,India,21864,Asia,28-11-18,,,172406,01-01-11,30-06-23,4563,12.49281314,273142.8665,0.631193493,-0.460142819,VCS,Other Renewable,False,False,True,Small Scale,0,0
1822,10 MW wind power project by Powerica at BDS - Gujarat,POWERICA LIMITED,Energy industries (renewable/non-renewable sources),,AMS-I.D.,Registered,India,24816,Asia,17-10-19,04-02-17,03-02-27,171054,02-04-17,31-12-22,2099,5.746748802,142611.3183,1.199441966,0.181856421,VCS,Other Renewable,False,False,True,Small Scale,0,0
1823,"21.8 MW Wind Power Project at Jangi Vandhiya, Gujarat by Powerica Limited",POWERICA LIMITED,Energy industries (renewable/non-renewable sources),,ACM0002,Registered,India,50207,Asia,21-11-18,,,376387,06-12-14,31-12-22,2947,8.06844627,405092.4819,0.929138448,-0.073497522,VCS,Other,False,False,False,Large Scale,1,0
1815,Renewable Solar Power Project by Adani Green Energy Limited,Adani Green Energy Limited,Energy industries (renewable/non-renewable sources),,ACM0002,Registered,India,1553021,Asia,17-10-19,28-09-17,27-09-27,5343328,01-01-18,31-12-20,1095,2.997946612,4655874.045,1.14765304,0.137719022,VCS,Other,False,False,False,Large Scale,1,0
1816,Wind power project in Tirunelveli Tamilnadu,Vaayu Renewable Energy (Tapti) Private Limited,Energy industries (renewable/non-renewable sources),,AMS-I.D.,Registered,India,16347,Asia,17-04-20,02-12-17,01-12-27,34262,09-02-18,07-07-21,1244,3.405886379,55676.02464,0.61538158,-0.485512749,VCS,Other Renewable,False,False,True,Small Scale,0,0
1807,"Biomass based thermal energy generation project by Dynamic Fine Paper Mill at Polai Kalan, Deegod, Kota",Dynamic Fine Paper Mill Pvt. Ltd.,Energy industries (renewable/non-renewable sources),,AMS-I.C.,Registered,India,43938,Asia,15-10-18,21-11-16,20-11-26,75373,01-01-17,31-12-21,1825,4.996577687,219539.6304,0.343322979,-1.069083644,VCS,Other Renewable,False,False,True,Small Scale,0,0
1805,Solar Energy Project(s) by SB Energy Private Limited,Adani Renewable Energy Devco Private Limited,Energy industries (renewable/non-renewable sources),,ACM0002,Registered,India,4354646,Asia,24-09-18,27-02-17,26-02-27,9446114,01-01-18,31-08-23,2068,5.661875428,24655463.18,0.383124581,-0.959395066,VCS,Other,False,False,False,Large Scale,1,0
1195,Wind Power Project in Rajasthan,Mytrah Energy (INDIA) Ltd.,Energy industries (renewable/non-renewable sources),,ACM0002,Registered,India,70677,Asia,06-04-20,,,514123,01-01-12,18-06-21,3456,9.46201232,668746.6448,0.768785913,-0.262942745,VCS,Other,False,False,False,Large Scale,1,0
1190,Wind power project in Gujarat,Mytrah Energy (India) Limited,Energy industries (renewable/non-renewable sources),,ACM0002,Registered,India,48273,Asia,06-04-20,,,418263,08-06-11,05-08-21,3711,10.16016427,490461.6099,0.852794575,-0.159236587,VCS,Other,False,False,False,Large Scale,1,0
1800,12 MW Raura Hydro Project by DLI Power,DLI Power (India) Private Limited,Energy industries (renewable/non-renewable sources),,AMS-I.D.,Registered,India,38464,Asia,25-02-21,09-09-19,08-09-29,152131,09-09-19,31-12-23,1574,4.309377139,165755.8823,0.917801516,-0.085774125,VCS,Other Renewable,False,False,True,Small Scale,0,0
1787,Renewable Power Project by Animala Wind Power Private Limited,Animala Wind Power Private Limited,Energy industries (renewable/non-renewable sources),,ACM0002,Registered,India,163843,Asia,21-05-19,30-03-17,29-03-27,833845,01-01-18,31-12-22,1825,4.996577687,818654.2779,1.018555723,0.018385666,VCS,Other,False,False,False,Large Scale,1,0
1788,Renewable Power Project by Saipuram Wind Energies Private Limited,Saipuram Wind Energies Private Limited,Energy industries (renewable/non-renewable sources),,ACM0002,Registered,India,266287,Asia,14-08-18,31-03-17,30-03-27,1013685,01-01-18,31-12-22,1825,4.996577687,1330523.682,0.76186919,-0.271980405,VCS,Other,False,False,False,Large Scale,1,0
1789,Renewable Power Project by SEI Kathiravan Power Private Limited,SEI Kathiravan Power Private Limited,Energy industries (renewable/non-renewable sources),,ACM0002,Registered,India,77356,Asia,19-08-19,09-03-17,08-03-27,525319,03-09-17,31-12-22,1945,5.325119781,411929.9658,1.275262893,0.243152348,VCS,Other,False,False,False,Large Scale,1,0
1790,Renewable Power Project by Axis Wind Farms (MPR Dam) Private Limited,Axis Wind Farms (MPR Dam) Private Limited,Energy industries (renewable/non-renewable sources),,ACM0002,Registered,India,195052,Asia,14-08-18,30-03-17,29-03-27,1189999,01-01-18,31-12-22,1825,4.996577687,974592.4709,1.221022156,0.199688341,VCS,Other,False,False,False,Large Scale,1,0
1791,Pavagada Solar Renewable Power Project by Greenko Group,SEI Suryashakti Power Private Limited,Energy industries (renewable/non-renewable sources),,ACM0002,Registered,India,139239,Asia,19-08-19,30-03-17,29-03-27,681378,01-01-18,31-12-22,1825,4.996577687,695718.4805,0.979387524,-0.020827878,VCS,Other,False,False,False,Large Scale,1,0
1792,Ghani Solar Renewable Power Project by Greenko Group,Zuvan Energy Private Limited,Energy industries (renewable/non-renewable sources),,ACM0002,Registered,India,996010,Asia,14-08-18,31-03-17,30-03-27,6052086,01-01-18,31-10-22,1764,4.829568789,4810298.809,1.258151778,0.229643801,VCS,Other,False,False,False,Large Scale,1,0
1793,Renewable Power Project by Devarahipparigi Wind Power Private Limited,Devarahipparigi Wind Power Private Limited,Energy industries (renewable/non-renewable sources),,ACM0002,Registered,India,195052,Asia,10-12-18,25-03-17,24-03-27,1429026,01-01-18,31-12-22,1825,4.996577687,974592.4709,1.466280566,0.382728967,VCS,Other,False,False,False,Large Scale,1,0
1782,"Solar PV Power Project by Prayatna Developers Pvt. Ltd. at Bhatinda, Punjab",Prayatna Developers Private Limited,Energy industries (renewable/non-renewable sources),,ACM0002,Registered,India,167973,Asia,02-08-18,17-09-16,16-09-26,551111,01-01-17,03-01-20,1097,3.003422313,504493.8563,1.092403789,0.088380579,VCS,Other,False,False,False,Large Scale,1,0
1783,72 MWac Ramnad Renewable Energy Project,Ramnad Renewable Energy Ltd,Energy industries (renewable/non-renewable sources),,ACM0002,Registered,India,115817,Asia,02-08-18,18-09-16,17-09-26,392362,01-01-17,31-12-19,1094,2.995208761,346896.0931,1.131064915,0.123159591,VCS,Other,False,False,False,Large Scale,1,0
1784,Solar Power Project by Mytrah Energy India Private Limited,JSW NEO ENERGY LIMITED,Energy industries (renewable/non-renewable sources),,ACM0002,Registered,India,638520,Asia,06-04-20,19-06-17,18-06-27,3141114,01-01-18,30-06-23,2006,5.492128679,3506834.004,0.8957122,-0.110136123,VCS,Other,False,False,False,Large Scale,1,0
1786,Solar Photovoltaic Project by Giriraj Renewables Private Limited,Avaada Energy Private Limited,Energy industries (renewable/non-renewable sources),,ACM0002,Registered,India,234677,Asia,29-07-20,02-03-18,01-03-28,1361697,03-02-18,31-03-23,1882,5.152635181,1209204.966,1.126109334,0.118768625,VCS,Other,False,False,False,Large Scale,1,0
250,"Bundled Wind Power Project in Tamil Nadu, India, Co-ordinated by Tamil Nadu Spinning Mills Association(TASMA-V1)",TAMILNADU SPINNING MILLS ASSOCIATION (TASMA),Energy industries (renewable/non-renewable sources),,ACM0002,Registered,India,82064,Asia,06-04-20,,,771336,04-01-06,31-12-14,3283,8.988364134,737621.1143,1.045707593,0.044693779,VCS,Other,False,False,False,Large Scale,1,0
1776,Wind Power Project by Green Infra Wind Power Generation Limited,Green Infra Wind Power Generation Limited,Energy industries (renewable/non-renewable sources),,ACM0002,Registered,India,79147,Asia,10-12-20,12-08-16,11-08-26,583636,08-12-16,30-04-24,2700,7.392197125,585070.2259,0.997548626,-0.002454383,VCS,Other,False,False,False,Large Scale,1,0
1772,Solar and Wind Power Project by NTPC Limited,NTPC GREEN ENERGY LIMITED,Energy industries (renewable/non-renewable sources),,ACM0002,Registered,India,940891,Asia,29-06-18,10-08-16,09-08-26,100000,08-10-16,31-12-17,449,1.229295003,1156632.605,0.086457877,-2.44809795,VCS,Other,False,False,False,Large Scale,1,0
1771,46 MW Mangoli Wind Power Project in Karnataka,Vena Energy KN Wind Power Private Limited,Energy industries (renewable/non-renewable sources),,ACM0002,Registered,India,120268,Asia,13-08-19,23-07-16,22-07-26,737270,01-01-17,31-12-21,1825,4.996577687,600928.4052,1.226884923,0.204478374,VCS,Other,False,False,False,Large Scale,1,0
1770,Bundled Solar Power Project by Vector Green Energy Private Limited,Multiple Proponents,Energy industries (renewable/non-renewable sources),,ACM0002,Registered,India,163888,Asia,06-04-20,28-06-16,27-06-26,1413579,01-01-17,30-04-24,2676,7.326488706,1200723.581,1.177272623,0.163200427,VCS,Other,False,False,False,Large Scale,1,0
1768,216 MWac Kamuthi Solar Power Project,Kamuthi Solar Power Limited,Energy industries (renewable/non-renewable sources),,ACM0002,Registered,India,346117,Asia,13-04-20,18-09-16,17-09-26,1129958,01-01-17,30-09-19,1002,2.743326489,949511.9343,1.190040861,0.173987644,VCS,Other,False,False,False,Large Scale,1,0
1767,Bundled Solar Power Project by Mahindra Susten Private Limited,Multiple Proponents,Energy industries (renewable/non-renewable sources),,ACM0002,Registered,India,329360,Asia,16-05-19,29-06-16,28-06-26,2002439,01-01-17,23-04-22,1938,5.305954825,1747569.281,1.145842412,0.136140097,VCS,Other,False,False,False,Large Scale,1,0
1759,Methane Recovery and Power Generation Project at ESIPL,Everest Starch India Pvt. Ltd.,Energy industries (renewable/non-renewable sources); Waste handling and disposal,,AMS-I.F.; AMS-III.H.,Registered,India,52036,Asia,13-04-20,18-09-16,17-09-26,259550,01-01-17,30-11-22,2159,5.911019849,307585.8289,0.843829512,-0.169804804,VCS,Biomass and Waste,True,False,False,Small Scale,0,0
766,Teesta- V Hydro Power project in Sikkim,NHPC Ltd,Energy industries (renewable/non-renewable sources),,ACM0002,Registered,India,2044442,Asia,06-04-20,,,5066600,04-01-08,31-12-11,1457,3.989048597,8155378.491,0.62125872,-0.476007666,VCS,Other,False,False,False,Large Scale,1,1
1753,Bundled Solar Photovoltaic Project by ACME,Multiple Proponents,Energy industries (renewable/non-renewable sources),,ACM0002; AMS-I.D.,Registered,India,2078589,Asia,06-04-20,10-02-17,09-02-27,7540323,02-10-17,25-04-22,1666,4.561259411,9480983.639,0.795310201,-0.229023051,VCS,Other Renewable,False,False,True,Small Scale,0,0
249,"Bundled Wind Power Project in Tamilnadu, India, Co-ordinated by Tamilnadu Spinning Mills Association(TASMA-II)",TAMILNADU SPINNING MILLS ASSOCIATION (TASMA),Energy industries (renewable/non-renewable sources),,ACM0002,Registered,India,758093,Asia,06-04-20,,,5111082,04-01-06,17-12-12,2539,6.951403149,5269810.067,0.969879737,-0.030583198,VCS,Other,False,False,False,Large Scale,1,0
974,"Sarbari II hydro power project by DSL Hydrowatt Limited in Kullu, Himachal Pradesh",DSL HYDROWATT PRIVATE LIMITED,Energy industries (renewable/non-renewable sources),,AMS-I.D.,Registered,India,28635,Asia,06-04-20,,,197614,08-01-15,28-02-22,2608,7.140314853,204462.9158,0.966502895,-0.034070985,VCS,Other Renewable,False,False,True,Small Scale,0,0
483,"Sarbari-I small hydro project of DSL Hydrowatt Limited (DSLHL), Himachal Pradesh, India",DSL HYDROWATT PRIVATE LIMITED,Energy industries (renewable/non-renewable sources),,AMS-I.D.,Registered,India,23425,Asia,06-04-20,,,90842,09-01-15,28-04-18,1205,3.299110198,77281.6564,1.175466524,0.16166511,VCS,Other Renewable,False,False,True,Small Scale,0,0
1746,108 MW Fatanpur Wind Power Project in Madhya Pradesh,Multiple Proponents,Energy industries (renewable/non-renewable sources),,ACM0002,Registered,India,212745,Asia,09-03-18,11-03-16,10-03-26,1150647,03-11-16,31-12-21,1884,5.158110883,1097362.3,1.048557072,0.047415002,VCS,Other,False,False,False,Large Scale,1,0
1744,4 MW Biomass based cogeneration plant by Godrej Agrovet Ltd.,Godrej Agrovet Limited,Energy industries (renewable/non-renewable sources),,AMS-I.C.,Registered,India,97671,Asia,20-08-18,01-10-18,30-09-28,115378,10-01-18,30-09-21,1359,3.72073922,363408.3203,0.317488603,-1.147313357,VCS,Other Renewable,False,False,True,Small Scale,0,0
1745,Bundled Solar Power Project by Vector Green Sunshine Private Limited and Polepally Solar Parks Private Limited,Multiple Proponents,Energy industries (renewable/non-renewable sources),,ACM0002,Registered,India,70073,Asia,18-04-18,24-03-16,23-03-26,584431,01-01-17,30-04-24,2676,7.326488706,513389.0431,1.138378405,0.129604798,VCS,Other,False,False,False,Large Scale,1,0
1742,Hydroelectric Project in Kinnaur District in Himachal Pradesh,JSW Hydro Energy Limited,Energy industries (renewable/non-renewable sources),,ACM0002,Registered,India,3541917,Asia,14-05-18,,,30847795,01-01-14,31-12-22,3286,8.996577687,31865131.45,0.968073678,-0.032447081,VCS,Other,False,False,False,Large Scale,1,0
1739,3 MW Hydro Power Project by Darjeeling Power Pvt. Ltd.,Darjeeling Power Pvt. Ltd,Energy industries (renewable/non-renewable sources),,AMS-I.D.,Registered,India,16404,Asia,30-01-18,15-04-16,14-04-26,24386,01-01-17,31-12-17,364,0.996577687,16347.86037,1.49169368,0.399912173,VCS,Other Renewable,False,False,True,Small Scale,0,0
92,300MW Hydropower project by JHPL,JSW Hydro Energy Limited,Energy industries (renewable/non-renewable sources),,ACM0002,Registered,India,1052463,Asia,04-06-20,01-04-06,31-03-26,18383702,01-01-07,31-07-24,6421,17.5797399,18502025.8,0.993604819,-0.006415717,VCS,Other,False,False,False,Large Scale,1,0
381,Bundled wind power project in Harshnath managed by Enercon (India) Limited,Wind World (India) Ltd.,Energy industries (renewable/non-renewable sources),,AMS-I.D.,Registered,India,12176,Asia,06-04-20,,,193847,05-01-07,31-08-23,6082,16.65160849,202749.9849,0.95608885,-0.044904431,VCS,Other Renewable,False,False,True,Small Scale,0,0
1728,Bundled Wind Power Project by Mytrah Group,Multiple Proponents,Energy industries (renewable/non-renewable sources),,ACM0002,Registered,India,921296,Asia,06-04-20,30-12-15,29-12-25,6000640,01-01-16,30-06-23,2737,7.493497604,6903729.369,0.869188185,-0.140195624,VCS,Other,False,False,False,Large Scale,1,0
1291,"Hydro Power Project in backward district of Andhra Pradesh, India",Andhra Pradesh Power Generation Corporation Limited,Energy industries (renewable/non-renewable sources),,ACM0002,Registered,India,364520,Asia,24-03-14,18-08-18,17-08-28,1528208,01-01-09,17-08-18,3515,9.623545517,3507974.812,0.435638248,-0.830943087,VCS,Other,False,False,False,Large Scale,1,0
1709,140 MW Solar Photovoltaic Project in Rajasthan,Multiple Proponents,Energy industries (renewable/non-renewable sources),,ACM0002,Registered,India,241573,Asia,19-08-19,18-07-17,17-07-27,1367023,01-01-18,30-11-22,1794,4.911704312,1186535.146,1.152113365,0.141597965,VCS,Other,False,False,False,Large Scale,1,0
1022,"Grid Connected Wind Power Project by M/s. D. J. Malpani at Ratan Ka Bas (RKB), Rajasthan",M/s D. J. Malpani,Energy industries (renewable/non-renewable sources),,AMS-I.D.,Registered,India,7497,Asia,02-09-13,06-12-21,05-12-31,32638,12-06-11,31-03-22,3945,10.80082136,80973.7577,0.403068857,-0.908647869,VCS,Other Renewable,False,False,True,Small Scale,0,0
724,"53.75 MW Bundled wind Power project in Tamil Nadu  and Karnataka by KBD Group, India",Multiple Proponents,Energy industries (renewable/non-renewable sources),,ACM0002,Registered,India,119382,Asia,06-04-20,,,534436,01-01-07,31-03-14,2646,7.244353183,864845.3717,0.617955553,-0.481338745,VCS,Other,False,False,False,Large Scale,1,0
1691,5 MW Upper Awa Hydro Power Project in Himachal Pradesh by M/s Astha Projects (India) Limited,M/s Astha Projects (India) Limited,Energy industries (renewable/non-renewable sources),,AMS-I.D.,Registered,India,19411,Asia,08-06-17,,,73852,01-01-09,31-08-11,972,2.661190965,51656.37782,1.429678253,0.357449421,VCS,Other Renewable,False,False,True,Small Scale,0,0
682,"Wind Power Project at Anthiyur, Tamil Nadu",Windage Power Company (P) LTD,Energy industries (renewable/non-renewable sources),,AMS-I.D.,Registered,India,30928,Asia,04-06-20,01-04-16,31-03-26,508222,04-01-06,30-04-22,5960,16.31759069,504670.4449,1.007037375,0.007012728,VCS,Other Renewable,False,False,True,Small Scale,0,0
604,Rajwakti Small Scale Hydropower Project,Him Urja Private Limited,Energy industries (renewable/non-renewable sources),,AMS-I.D.,Registered,India,19569,Asia,06-04-20,01-04-16,31-03-26,57388,04-01-06,31-12-08,1092,2.98973306,58506.08624,0.980889403,-0.019295565,VCS,Other Renewable,False,False,True,Small Scale,0,0
557,Kadamane Mini Hydel Scheme-1 (KMHS-1),Paschim Hydro Energy Pvt. Ltd.,Energy industries (renewable/non-renewable sources),,AMS-I.D.,Registered,India,32128,,06-04-20,07-05-17,06-05-27,65512,05-07-07,06-05-17,3593,9.837097878,316046.2806,0.207286097,-1.573655329,VCS,Other Renewable,False,False,True,Small Scale,0,0
1685,Grid connected 25 MW PV solar power project at Charanka in Gujarat,GMR Gujarat Solar Power Pvt. Ltd,Energy industries (renewable/non-renewable sources),,ACM0002,Registered,India,34462,Asia,11-03-21,04-03-22,03-03-32,181018,03-04-12,31-10-20,3133,8.577686516,295604.2327,0.612366062,-0.490425034,VCS,Other,False,False,False,Large Scale,1,0
751,"22.5 MW Wind Power Project by Ruchi Soya Industries Limited at Palsodi, District-Ratlam, Madhya Pradesh",Ruchi Soya Industries Limited,Energy industries (renewable/non-renewable sources),,ACM0002,Registered,India,46323,Asia,06-04-20,,,422064,01-01-09,28-02-18,3345,9.158110883,424231.1704,0.994891534,-0.005121559,VCS,Other,False,False,False,Large Scale,1,0
1194,Kaladonger Wind Power Project in Rajasthan,M/s Bindu Vayu Urja Private Limited,Energy industries (renewable/non-renewable sources),,ACM0002,Registered,India,1268170,,04-06-20,18-02-22,17-02-32,1035019,01-07-14,17-02-22,2788,7.633127995,9680103.929,0.106922302,-2.235652854,VCS,Other,False,False,False,Large Scale,1,0
1679,"Bundled Wind Power Project in Madhya Pradesh, Gujarat and Kerala by D.J. Malpani",D. J Malpani,Energy industries (renewable/non-renewable sources),,ACM0002,Registered,India,127207,Asia,28-04-20,28-03-16,27-03-26,537844,01-01-17,31-03-22,1915,5.242984257,666944.2984,0.806430164,-0.215137977,VCS,Other,False,False,False,Large Scale,1,0
790,Roaring 40s Wind Farms (Khandke) Private Limited - Phase III,CLP Wind Farms (Khandke) Private Limited,Energy industries (renewable/non-renewable sources),,ACM0002,Registered,India,24085,Asia,07-03-12,,,108598,01-01-10,29-03-19,3374,9.237508556,222485.3936,0.488112942,-0.717208461,VCS,Other,False,False,False,Large Scale,1,0
1109,Mithapur Solar Power Project,Tata Power Renewable Energy Limited,Energy industries (renewable/non-renewable sources),,ACM0002,Registered,India,37696,Asia,06-04-20,,,108159,01-01-20,24-01-22,754,2.064339493,77817.34155,1.3899087,0.329238061,VCS,Other,False,False,False,Large Scale,1,0
1355,4.2 MW renewable energy based power generation project in Andhra Pradesh by Hi- Tech,Multiple Proponents,Energy industries (renewable/non-renewable sources),,AMS-I.D.,Registered,India,8152,Asia,06-04-20,,,46035,01-01-15,27-03-21,2277,6.234086242,50820.27105,0.905839325,-0.098893335,VCS,Other Renewable,False,False,True,Small Scale,0,0
1352,"Bundled Wind Power Project in Tamilnadu, India, co-ordinated by Tamilnadu Spinning Mills Association (TASMA V1A)",TAMILNADU SPINNING MILLS ASSOCIATION (TASMA),Energy industries (renewable/non-renewable sources),,ACM0002,Registered,India,83772,Asia,07-08-14,,,802037,04-02-08,31-03-18,3708,10.15195072,850449.2156,0.943074537,-0.058609957,VCS,Other,False,False,False,Large Scale,1,0
1673,AAC Block Project By HIL Limited,Hyderabad Industries Limited,Manufacturing industries,,AMS-III.Z,Registered,India,21636,Asia,05-05-21,28-11-15,27-11-25,32455,01-01-16,30-04-17,485,1.327857632,28729.52772,1.129673983,0.12192908,VCS,Other Renewable,False,False,True,Small Scale,0,0
1671,"Wind based power generation by Panama Wind Energy Private Limited in Maharashtra, India",Panama Wind Energy Private Limited,Energy industries (renewable/non-renewable sources),,ACM0002,Registered,India,186270,Asia,06-04-20,,,708370,04-02-16,04-12-22,2495,6.830937714,1272398.768,0.556720124,-0.585692636,VCS,Other,False,False,False,Large Scale,1,0
1241,Veer (NLBC) Small Hydro Power Project,Mahati Hydro Power Projects Private Limited,Energy industries (renewable/non-renewable sources),,AMS-I.D.,Registered,India,10067,Asia,06-04-20,20-05-22,19-05-32,88170,01-01-13,31-05-20,2707,7.411362081,74610.18207,1.181742191,0.166989782,VCS,Other Renewable,False,False,True,Small Scale,0,0
1670,Bundled Solar Power Project by D.J. Malpani and Giriraj Enterprises,Multiple Proponents,Energy industries (renewable/non-renewable sources),,ACM0002,Registered,India,93022,Asia,06-04-20,,,643101,01-01-16,31-03-22,2281,6.245037645,580925.8919,1.107027607,0.101678592,VCS,Other,False,False,False,Large Scale,1,0
1669,Bundled Wind Power Project by Giriraj Enterprises,Giriraj Enterprises,Energy industries (renewable/non-renewable sources),,ACM0002,Registered,India,83279,Asia,06-04-20,,,1005397,01-01-16,31-03-22,2281,6.245037645,520080.4901,1.933156539,0.659154179,VCS,Other,False,False,False,Large Scale,1,0
1660,Wind bundle project in Maharashtra by Sispara,M/s Sispara Renewable Power Private Limited,Energy industries (renewable/non-renewable sources),,ACM0002,Registered,India,60746,Asia,14-02-17,,,459712,01-01-16,31-12-22,2556,6.997946612,425097.2649,1.0814278,0.078282205,VCS,Other,False,False,False,Large Scale,1,0
1651,AAC Block Manufacturing Using Energy Efficient Technology by JKLCL,JK Lakshmi Cement Ltd.,Manufacturing industries,,AMS-III.Z,Registered,India,36684,Asia,08-08-17,21-03-16,20-03-26,109706,01-01-17,30-06-20,1276,3.493497604,128155.4661,0.856038399,-0.155440046,VCS,Other Renewable,False,False,True,Small Scale,0,1
1015,"Community-based reforestation project on degraded lands in Uttar Pradesh, India by Indian Farm Forestry Development Co-operative Limited",Indian Farm Forestry Development Co-operative Limited,Agriculture Forestry and Other Land Use,ARR,AR-AMS0005,Registered,India,5651,Asia,08-10-13,15-07-08,14-07-38,78003,01-01-09,31-03-22,4837,13.24298426,74836.10404,1.042317756,0.041446845,VCS,Other,False,False,False,Large Scale,1,0
292,"150 MW grid connected Wind Power based electricity generation project in Gujarat, India.",Vayu (Project 1) private limited,Energy industries (renewable/non-renewable sources),,ACM0002,Registered,India,326203,Asia,06-04-20,,,1981537,01-01-17,31-05-23,2341,6.409308693,2090735.723,0.947770193,-0.053643219,VCS,Other,False,False,False,Large Scale,1,0
644,"27.95MW Wind Energy Project in Coimbatore District in Tamilnadu, India.",LAKSHMI MACHINE WORKS LTD,Energy industries (renewable/non-renewable sources),,ACM0002,Registered,India,60778,Asia,08-07-11,,,392501,11-01-08,31-12-12,1816,4.971937029,302184.3888,1.298879143,0.261501695,VCS,Other,False,False,False,Large Scale,1,1
678,"16.45 MW bundled grid connected renewable energy project in Tamil Nadu, India.",Multiple Proponents,Energy industries (renewable/non-renewable sources),,ACM0002,Registered,India,36518,Asia,04-06-20,,,298453,01-01-09,27-03-16,2642,7.23340178,264149.3662,1.129864532,0.122097742,VCS,Other,False,False,False,Large Scale,1,0
308,"2.45 MW Wind Power Project in Rajasthan, India by Yamuna Power and Infrastructure Ltd.",Yamuna Power & Infrastructure Limited,Energy industries (renewable/non-renewable sources),,AMS-I.D.,Registered,India,3921,Asia,06-04-20,,,29351,01-01-07,27-03-16,3373,9.234770705,36209.53593,0.810587577,-0.20999589,VCS,Other Renewable,False,False,True,Small Scale,0,0
909,Grid Connected Wind Power Project in Tamil Nadu,Apraava Renewable Energy Private Limited,Energy industries (renewable/non-renewable sources),,ACM0002,Registered,India,54105,Asia,11-05-12,02-07-20,01-07-30,252764,07-02-10,31-12-22,4710,12.89527721,697698.9733,0.362282316,-1.015331492,VCS,Other,False,False,False,Large Scale,1,0
927,"13.75 MW wind power project in Davangere, Karnataka, India",Sargam Retails Pvt. Limited,Energy industries (renewable/non-renewable sources),,AMS-I.D.,Registered,India,26475,Asia,06-04-20,,,198857,01-01-10,31-03-22,4472,12.24366872,324151.1294,0.613470021,-0.488623882,VCS,Other Renewable,False,False,True,Small Scale,0,0
8,15 MW Wind Energy Project in Maharashtra,M/s D. J. Malpani,Energy industries (renewable/non-renewable sources),,AMS-I.D.,Registered,India,25848,Asia,19-03-09,01-04-16,31-03-26,123305,04-01-06,31-03-16,3739,10.23682409,264601.4292,0.466002774,-0.763563692,VCS,Other Renewable,False,False,True,Small Scale,0,0
1582,Wind Grouped project by Hero Future Energies Private Limited (EKIESL-VCS-Aug-16-03),Hero Future Energies Private Limited,Energy industries (renewable/non-renewable sources),,ACM0002,Registered,India,171293,Asia,08-06-17,29-03-16,28-03-26,1224168,01-01-17,30-06-22,2006,5.492128679,940763.1978,1.301249882,0.26332525,VCS,Other,False,False,False,Large Scale,1,0
610,"4.50 MW Akkihebbal Mini Hydel Scheme, Cauvery Hydro Energy Ltd., India",Cauvery Hydro Energy Limited,Energy industries (renewable/non-renewable sources),,AMS-I.D.,Registered,India,10000,Asia,06-04-20,,,61900,08-03-07,31-12-13,2490,6.81724846,68172.4846,0.907990964,-0.096520852,VCS,Other Renewable,False,False,True,Small Scale,0,0
631,"13.25 MW Wind Power Generation by RMTL, in Kutch, Gujarat",Ratnamani Metals & Tubes Limited,Energy industries (renewable/non-renewable sources),,AMS-I.D.,Registered,India,23960,Asia,06-04-20,,,86511,01-01-08,30-03-16,3011,8.24366872,197518.3025,0.437989791,-0.825559678,VCS,Other Renewable,False,False,True,Small Scale,0,0
1580,Solar Grouped project by ACME Group (EKIESL-VCS-Aug-16-01),Multiple Proponents,Energy industries (renewable/non-renewable sources),,ACM0002; AMS-I.D.,Registered,India,730457,Asia,06-04-20,22-06-15,21-06-25,3577919,01-01-16,31-01-23,2587,7.082819986,5173695.439,0.691559649,-0.368805872,VCS,Other Renewable,False,False,True,Small Scale,0,0
1579,Renewable Energy Project in Rajasthan & Maharashtra,LNB Renewable Energy Private Limited,Energy industries (renewable/non-renewable sources),,AMS-I.D.,Registered,India,25616,Asia,20-01-17,,,122286,01-01-15,30-09-19,1733,4.744695414,121540.1177,1.006136922,0.006118168,VCS,Other Renewable,False,False,True,Small Scale,0,0
911,Grid Connected Wind Energy Project in Tamil Nadu,Apraava Wind Energy (Theni - Project II) Private Limited,Energy industries (renewable/non-renewable sources),,ACM0002,Registered,India,108219,Asia,04-06-20,25-06-20,24-06-30,1098441,01-11-11,31-12-22,4078,11.16495551,1208260.32,0.909109553,-0.095289671,VCS,Other,False,False,False,Large Scale,1,0
1023,Grid Connected Wind Power Project by M/s Giriraj Enterprises in Madhya Pradesh,M/s Giriraj Enterprises,Energy industries (renewable/non-renewable sources),,AMS-I.D.,Registered,India,23859,Asia,14-01-14,,,155319,01-01-12,31-03-22,3742,10.24503765,244436.3532,0.635416942,-0.453473894,VCS,Other Renewable,False,False,True,Small Scale,0,0
619,15 MW Grid Connected Renewable Energy Wind Turbine in Karnataka,MINERAL ENTERPRISES LIMITED,Energy industries (renewable/non-renewable sources),,AMS-I.D.,Registered,India,32275,Asia,06-04-20,01-04-16,31-03-26,277134,04-01-06,31-03-16,3739,10.23682409,330393.4976,0.838799801,-0.175783217,VCS,Other Renewable,False,False,True,Small Scale,0,0
566,10 MW Wind Power Project in Maharashtra by Deepak Fertilizers and Petrochemicals Corporation Limited,Deepak Fertilisers and Petrochemical Corp. Ltd.,Energy industries (renewable/non-renewable sources),,AMS-I.D.,Registered,India,14313,Asia,06-04-20,,,89034,01-01-12,23-04-17,1939,5.308692676,75983.31828,1.171757196,0.158504499,VCS,Other Renewable,False,False,True,Small Scale,0,1
1574,Bundled Solar VCS Project by EKIESL (EKIESL- VCS.Oct 2016-01),Multiple Proponents,Energy industries (renewable/non-renewable sources),,AMS-I.D.,Registered,India,131339,Asia,29-07-22,,,417404,01-01-16,31-07-20,1673,4.580424367,601588.3559,0.693836568,-0.36551884,VCS,Other Renewable,False,False,True,Small Scale,0,0
1024,"Grid Connected Wind Power Project by M/s. Giriraj Enterprises at Tejuva, Rajasthan",M/s Giriraj Enterprises,Energy industries (renewable/non-renewable sources),,AMS-I.D.,Registered,India,13600,Asia,14-01-14,31-03-21,30-03-31,58285,10-01-16,31-03-22,2272,6.220396988,84597.39904,0.688969172,-0.372558752,VCS,Other Renewable,False,False,True,Small Scale,0,0
1567,Wind Power Project in Rajasthan by LWEPL,Lalpur Wind Energy Private Limited,Energy industries (renewable/non-renewable sources),,ACM0002,Registered,India,73290,Asia,22-09-16,,,230788,01-01-15,31-03-19,1550,4.24366872,311018.4805,0.742039507,-0.298352793,VCS,Other,False,False,False,Large Scale,1,0
370,Grid connected bundled wind power project in Gujarat managed by Enercon (India) Limited,Wind World (India) Ltd.,Energy industries (renewable/non-renewable sources),,ACM0002,Registered,India,29562,Asia,06-04-20,,,240584,01-01-08,31-12-21,5113,13.99863107,413827.5318,0.581362963,-0.542379996,VCS,Other,False,False,False,Large Scale,1,0
412,"Bundled wind energy generation projects in Gujarat, India",Wind World (India) Ltd.,Energy industries (renewable/non-renewable sources),,ACM0002,Registered,India,91266,Asia,06-04-20,,,1259773,01-01-07,31-12-21,5478,14.99794661,1368802.595,0.920346735,-0.083004794,VCS,Other,False,False,False,Large Scale,1,0
925,Bundled Wind Power Project by M/s D. J Malpani,M/s D. J. Malpani,Energy industries (renewable/non-renewable sources),,AMS-I.D.,Registered,India,11233,Asia,04-06-20,,,79723,01-01-10,31-03-22,4472,12.24366872,137533.1307,0.579663966,-0.545306713,VCS,Other Renewable,False,False,True,Small Scale,0,0
835,"44.40 MW Wind Energy Project by Ruchi Soya Industries Limited, India",Ruchi Soya Industries Limited,Energy industries (renewable/non-renewable sources),,ACM0002,Registered,India,81853,Asia,06-04-20,,,624039,01-01-11,30-06-21,3833,10.49418207,858980.2847,0.726488152,-0.319533104,VCS,Other,False,False,False,Large Scale,1,0
1353,"Bundled Wind Power Project in Tamilnadu, India, co-ordinated by Tamilnadu Spinning Mills Association (TASMA-V2)",TAMILNADU SPINNING MILLS ASSOCIATION (TASMA),Energy industries (renewable/non-renewable sources),,ACM0002,Registered,India,417392,Asia,06-04-20,,,4145050,01-01-11,15-02-20,3332,9.122518823,3807666.376,1.088606404,0.084898349,VCS,Other,False,False,False,Large Scale,1,0
1203,Suzlon 8.40 MW Wind Power Project,Kishangarh Hi-tech Textile Park Ltd,Energy industries (renewable/non-renewable sources),,AMS-I.D.,Registered,India,13081,Africa,04-06-20,31-12-20,30-12-30,94569,01-01-11,31-08-21,3895,10.66392882,139494.8528,0.677938993,-0.388697977,VCS,Other Renewable,False,False,True,Small Scale,0,1
1560,Tejuva-Chandgarh Wind Project,CLP Wind Farms (India) Private Limited,Energy industries (renewable/non-renewable sources),,ACM0002,Registered,India,261891,Asia,06-04-20,,,2851631,01-01-16,31-08-23,2799,7.663244353,2006934.727,1.420888762,0.351282565,VCS,Other,False,False,False,Large Scale,1,0
1209,Wind Power Project at Bhachau by Powerica Limited,POWERICA LIMITED,Energy industries (renewable/non-renewable sources),,ACM0002,Registered,India,22398,,06-04-20,,,135245,01-01-12,31-12-20,3287,8.999315537,201566.6694,0.670969066,-0.399032244,VCS,Other,False,False,False,Large Scale,1,0
1419,Wind Power Project by Rajasthan Gum Private Limited (EKI.CDM.July-11-01),Rajasthan Gum Private Limited,Energy industries (renewable/non-renewable sources),,AMS-I.D.,Registered,India,20357,Asia,06-04-20,24-09-21,23-09-31,117405,01-01-12,31-05-21,3438,9.412731006,191614.9651,0.612713104,-0.489858472,VCS,Other Renewable,False,False,True,Small Scale,0,0
510,4 MW Kirloskar Wind Farms in Maharashtra,Wind World (India) Ltd.,Energy industries (renewable/non-renewable sources),,AMS-I.D.,Registered,India,6851,Asia,06-04-20,,,94764,04-01-06,31-12-22,6205,16.98836413,116387.2827,0.814212668,-0.205533684,VCS,Other Renewable,False,False,True,Small Scale,0,0
1551,Wind Power Project by Rajasthan Gum Private Limited (EKIESL-CDM.September-12-02),Rajasthan Gum Private Limited,Energy industries (renewable/non-renewable sources),,AMS-I.D.,Registered,India,24213,Asia,06-04-20,,,45533,01-01-13,04-01-15,733,2.006844627,48591.72895,0.937052477,-0.065015992,VCS,Other Renewable,False,False,True,Small Scale,0,0
489,44 MW Bundled Wind Power Project in Maharashtra managed by Enercon India Limited.,Wind World (India) Ltd.,Energy industries (renewable/non-renewable sources),,ACM0002,Registered,India,75368,Asia,06-04-20,01-04-16,31-03-26,946626,04-01-06,31-03-23,6295,17.2347707,1298950.198,0.728762351,-0.316407594,VCS,Other,False,False,False,Large Scale,1,0
1547,5MW Biomass Based Cogeneration Project at Sainsons,Multiple Proponents,Energy industries (renewable/non-renewable sources),,ACM0006,Registered,India,28442,Asia,07-11-16,01-01-17,31-12-26,96815,01-01-17,31-12-21,1825,4.996577687,142112.6626,0.681255268,-0.3838182,VCS,Other,False,False,False,Large Scale,1,0
380,MRF wind power project in Tamilnadu managed by Enercon India Limited,Wind World (India) Ltd.,Energy industries (renewable/non-renewable sources),,ACM0002,Registered,India,28156,Asia,06-04-20,,,395613,04-01-06,31-12-22,6205,16.98836413,478324.3806,0.827080985,-0.189852662,VCS,Other,False,False,False,Large Scale,1,0
706,51 MW Wind Power Project at Chitradurga,M/s. NSL Renewable Power Private Limited,Energy industries (renewable/non-renewable sources),,ACM0002,Registered,India,127993,Asia,06-04-20,06-06-18,05-06-28,1044631,06-06-08,30-04-22,5076,13.8973306,1778761.035,0.587280123,-0.532253361,VCS,Other,False,False,False,Large Scale,1,0
1315,Biomass based cogeneration plant at Godrej Agrovet Ltd. Chintampalli,Godrej Agrovet Limited,Energy industries (renewable/non-renewable sources),,AMS-I.C.,Registered,India,86509,Asia,14-08-14,,,304082,01-01-13,30-09-21,3194,8.744695414,756494.8556,0.401961755,-0.911398331,VCS,Other Renewable,False,False,True,Small Scale,0,0
1539,Gangakhed Sugar & Energy Private Ltd (GSEPL) 30 MW Bagasse Based Co-generation Power Project,Gangakhed Sugar & Energy Private Limited (GSEPL),Energy industries (renewable/non-renewable sources),,ACM0006,Registered,India,64480,Asia,06-04-20,,,335999,01-01-12,23-03-21,3369,9.223819302,594751.8686,0.564939797,-0.571036107,VCS,Other,False,False,False,Large Scale,1,0
1337,AAC blocks manufacturing unit based on an energy efficient brick/block manufacturing technology by Biltech Building Elements (surat),Biltech Building Elemnts Limited,Manufacturing industries,,AMS-III.Z,Registered,India,23054,Asia,06-04-20,,,92164,11-04-12,31-07-20,3033,8.303901437,191438.1437,0.481429658,-0.730995148,VCS,Other Renewable,False,False,True,Small Scale,0,0
1026,Solar Power Plant of 5 MW in Rajasthan by Essel Mining and Refex Refrigerants Limited,Essel Mining & Industries Limited,Energy industries (renewable/non-renewable sources),,AMS-I.D.,Registered,India,8706,Asia,26-09-13,,,80716,09-01-15,13-10-21,2469,6.759753593,58850.41478,1.371545133,0.315937939,VCS,Other Renewable,False,False,True,Small Scale,0,0
93,86 MW Hydro Project in Himachal Pradesh,Malana Power Company Limited,Energy industries (renewable/non-renewable sources),,ACM0002,Registered,India,251283,Asia,06-04-20,05-07-01,04-07-31,3327131,07-05-01,31-10-22,7847,21.48391513,5398542.645,0.616301698,-0.484018665,VCS,Other,False,False,False,Large Scale,1,0
1020,Solar Power Plant of 15MW in Gujarat by Palace Solar Energy Private Limited,Palace Solar Energy Private Limited.,Energy industries (renewable/non-renewable sources),,AMS-I.D.,Registered,India,23072,Asia,06-04-20,,,235847,03-04-12,03-03-22,3621,9.9137577,228730.2177,1.031114308,0.030640069,VCS,Other Renewable,False,False,True,Small Scale,0,0
1525,Wind power project at Jaibhim by SIIL,Serum Institute of India Limited,Energy industries (renewable/non-renewable sources),,ACM0002,Registered,India,52898,Asia,06-04-20,,,110347,03-11-11,31-12-12,424,1.160848734,61406.57632,1.796989942,0.586113011,VCS,Other,False,False,False,Large Scale,1,0
1521,Wind Based Power Generation by Mytrah Energy (India) Limited (EKIESL-VCS-January-16-01),JSW NEO ENERGY LIMITED,Energy industries (renewable/non-renewable sources),,ACM0002,Registered,India,479448,Asia,06-04-20,,,2843823,01-01-15,30-06-23,3102,8.492813142,4071862.275,0.698408445,-0.358951183,VCS,Other,False,False,False,Large Scale,1,0
173,Vishnuprayag Hydro-electric Project (VHEP) by Jaiprakash Power Ventures Ltd.(JPVL),Jaiprakash Power Ventures Limited,Energy industries (renewable/non-renewable sources),,ACM0002,Registered,India,1468106,Asia,06-04-20,,,11843884,06-03-06,02-06-16,3741,10.24229979,15036781.78,0.787660829,-0.238687702,VCS,Other,False,False,False,Large Scale,1,0
910,"Wind energy project in Samana, Gujarat and Saundatti, Karnataka",Apraava Renewable Energy Private Limited,Energy industries (renewable/non-renewable sources),,ACM0002,Registered,India,105736,Asia,06-04-20,23-06-20,22-06-30,836108,01-01-11,31-12-22,4382,11.99726215,1268542.511,0.659109169,-0.4168661,VCS,Other,False,False,False,Large Scale,1,0
1520,"Wind Project in Maharashtra, India by Kayathar and Jath",M/s NSL Wind Power Company (Kayathar) Pvt. Ltd.,Energy industries (renewable/non-renewable sources),,ACM0002,Registered,India,118598,Asia,06-04-20,,,727910,01-01-15,31-12-22,2921,7.997262149,948459.2964,0.767465723,-0.264661461,VCS,Other,False,False,False,Large Scale,1,0
1519,"Satara Wind Power Project in Maharashtra, India",NSL Wind Power Company (Satara) Pvt. Ltd.,Energy industries (renewable/non-renewable sources),,ACM0002,Registered,India,51335,Asia,06-04-20,,,551840,03-06-14,31-12-22,3133,8.577686516,440335.5373,1.253226127,0.225721128,VCS,Other,False,False,False,Large Scale,1,0
1303,Biomass based Renewable Energy Generation at Karnal,Modern Dairies Limited,Energy industries (renewable/non-renewable sources),,AMS-I.C.,Registered,India,47043,Asia,12-05-22,03-10-22,02-10-32,60857,10-03-12,30-04-14,781,2.138261465,100590.2341,0.604999089,-0.502528326,VCS,Other Renewable,False,False,True,Small Scale,0,0
1497,VCS Grouped Project for Renewable Power Generation by Essel Mining and Industries Limited,Multiple Proponents,Energy industries (renewable/non-renewable sources),,ACM0002; AMS-I.D.; AMS-I.F.,Registered,India,247123,Asia,06-04-20,,,1418315,03-12-14,31-08-22,2828,7.742642026,1913384.925,0.741259629,-0.299404338,VCS,Other Renewable,False,False,True,Small Scale,0,0
1495,Selco Clean Energy Products Grouped Project,Selco Solar Pvt. Ltd.,Energy industries (renewable/non-renewable sources),,AMS-I.J; AMS-I.F.; AMS-III.AR,Registered,India,34551,Asia,07-12-15,,,153617,01-01-14,31-12-22,3286,8.996577687,310840.7556,0.494198387,-0.70481825,VCS,Other Renewable,False,False,True,Small Scale,0,0
1342,"AAC Block/Panel Manufacturing unit at Krishna, Andhra Pradesh",Multiple Proponents,Manufacturing industries,,AMS-III.Z,Registered,India,56107,Asia,15-09-15,,,185615,08-01-13,31-05-21,3065,8.391512663,470822.601,0.394235535,-0.930806744,VCS,Other Renewable,False,False,True,Small Scale,0,0
1423,"Teesta Low Dam Project, Stage-IV",NHPC Ltd,Energy industries (renewable/non-renewable sources),,ACM0002,Registered,India,696816,Asia,17-03-16,14-02-16,13-02-26,805717,01-01-17,16-07-17,196,0.536618754,373924.5339,2.154758319,0.767678568,VCS,Other,False,False,False,Large Scale,1,1
1338,AAC blocks manufacturing unit based on an energy efficient brick/block manufacturing technology by Biltech Building Elements (Budge-Budge),Biltech Building Elemnts Limited,Manufacturing industries,,AMS-III.Z,Registered,India,34208,Asia,06-04-20,,,168199,01-01-13,31-07-20,2768,7.578370979,259240.9144,0.648813481,-0.432609999,VCS,Other Renewable,False,False,True,Small Scale,0,0
1479,Wind Power Project of CLP Wind Farms (India) Private Limited at Jath,Apraava Renewable Energy Private Limited,Energy industries (renewable/non-renewable sources),,ACM0002,Registered,India,97400,Asia,06-04-20,,,1032257,01-01-15,31-12-23,3286,8.996577687,876266.6667,1.178016966,0.163832487,VCS,Other,False,False,False,Large Scale,1,0
1480,"Wind power project in Maharashtra, India - Andhra Lake Phase - I",Apraava Renewable Energy Private Limited,Energy industries (renewable/non-renewable sources),,ACM0002,Registered,India,82885,Asia,06-04-20,19-08-21,18-08-31,1177332,01-01-12,31-12-23,4382,11.99726215,994393.0732,1.183970436,0.168873566,VCS,Other,False,False,False,Large Scale,1,0
1481,"Wind power project in Maharashtra, India - Andhra Lake Phase - II",Apraava Renewable Energy Private Limited,Energy industries (renewable/non-renewable sources),,ACM0002,Registered,India,113226,Asia,06-04-20,,,1136747,01-01-12,31-12-23,4382,11.99726215,1358402.004,0.836826651,-0.178138337,VCS,Other,False,False,False,Large Scale,1,0
1482,"Wind Energy Project in Harapanahalli, Karnataka",Apraava Renewable Energy Private Limited,Energy industries (renewable/non-renewable sources),,ACM0002,Registered,India,75597,Asia,07-09-15,21-01-21,20-01-31,1027071,01-01-12,30-09-22,3925,10.74606434,812370.2259,1.264289319,0.234510161,VCS,Other,False,False,False,Large Scale,1,0
1413,Grid Interactive Solar Photovoltaic Power Project in Gujarat,Samta Energy Private Limited,Energy industries (renewable/non-renewable sources),,ACM0002,Registered,India,41034,Asia,03-08-15,,,370472,01-01-13,18-01-22,3304,9.045859001,371187.7782,0.998071655,-0.001930207,VCS,Other,False,False,False,Large Scale,1,0
1261,Grid connected electricity generation using natural gas by Lanco Kondapalli Power Limited,Lanco Kondapalli Power Limited,Energy industries (renewable/non-renewable sources),,AM0029,Registered,India,830133,Asia,06-04-20,,,1575098,08-01-10,31-12-12,1088,2.978781656,2472784.953,0.636973303,-0.451027534,VCS,Other,False,False,False,Large Scale,1,0
281,Bundled Wind Power Project in Tamil Nadu managed by Enercon India Limited-I,Enercon (India) Limited,Energy industries (renewable/non-renewable sources),,ACM0002,Registered,India,29342,Asia,06-04-20,,,351742,05-01-07,31-12-19,4743,12.98562628,381024.2464,0.923148601,-0.07996506,VCS,Other,False,False,False,Large Scale,1,0
1463,India Sundarbans Mangrove Restoration,Livelihoods Fund SICAV SIF,Agriculture Forestry and Other Land Use,ARR,AR-AM0014,Registered,India,51249,Asia,06-04-20,28-09-10,27-09-30,554016,03-01-15,30-04-21,2309,6.321697467,323980.6735,1.710027929,0.536509703,VCS,Other,False,False,False,Large Scale,1,1
1081,"Clean Energy Generation in Gujarat, India",Wind World Wind Resources Development Private Limited,Energy industries (renewable/non-renewable sources),,AMS-I.D.,Registered,India,23436,Asia,06-04-20,,,188634,01-01-12,30-06-22,3833,10.49418207,245941.6509,0.766986801,-0.265285687,VCS,Other Renewable,False,False,True,Small Scale,0,0
500,"Positive Climate Care 3.55 MW bundled Grid connected Wind Power Project Activity in Jaisalmer, Rajasthan, India",Multiple Proponents,Energy industries (renewable/non-renewable sources),,AMS-I.D.,Registered,India,3120,Asia,08-10-10,,,39385,01-01-08,31-12-17,3652,9.998631075,31195.72895,1.262512572,0.23310384,VCS,Other Renewable,False,False,True,Small Scale,0,0
1447,199.70 MW Wind Project in Maharashtra by BWDPL,Bothe Windfarm Development Pvt. Ltd.,Energy industries (renewable/non-renewable sources),,ACM0002,Registered,India,138354,Asia,06-04-20,,,2764745,01-01-14,30-09-21,2829,7.745379877,1071604.287,2.580005542,0.947791547,VCS,Other,False,False,False,Large Scale,1,0
1441,"Bundled clean energy project in jamnagar, Gujarat",Vish Wind Infrastructure LLP,Energy industries (renewable/non-renewable sources),,AMS-I.D.,Registered,India,25641,Asia,06-04-20,,,191554,01-01-13,13-10-19,2476,6.778918549,173818.2505,1.102036175,0.097159537,VCS,Other Renewable,False,False,True,Small Scale,0,0
784,1.6 MW Bundled Rice Husk Based Cogeneration Plant by M/s Milk food Limited (MFL) in Patiala (Punjab) & Moradabad (U.P) Districts,Multiple Proponents,Energy industries (renewable/non-renewable sources),,AMS-I.C.; AMS-I.D.,Registered,India,65258,Asia,06-04-20,,,646995,05-06-09,31-12-21,4592,12.57221081,820437.3333,0.788597707,-0.237498965,VCS,Other Renewable,False,False,True,Small Scale,0,0
1404,"Vaspet-II and Vaspet-III Wind Power Project, Maharashtra",ReNew Wind Energy (Shivpur) Private Limited,Energy industries (renewable/non-renewable sources),,ACM0002,Registered,India,85105,Asia,06-04-20,03-04-23,02-04-33,814145,04-03-13,02-04-23,3681,10.07802875,857690.6366,0.949229204,-0.052104988,VCS,Other,False,False,False,Large Scale,1,0
1257,Wind Power Project of CLP Wind Farms (India) Private Limited,Apraava Renewable Energy Private Limited,Energy industries (renewable/non-renewable sources),,ACM0002,Registered,India,365404,,06-04-20,22-03-22,21-03-32,2756527,01-01-13,31-12-22,3651,9.995893224,3652539.368,0.754687827,-0.281451089,VCS,Other,False,False,False,Large Scale,1,0
