ID,Name,Proponent,Project Type,AFOLU Activities,Methodology,Status,Country/Area,Estimated Annual Emission Reductions,Region,Project Registration Date,Crediting Period Start Date,Crediting Period End Date
5053,EASY BREATHE INDIA SMART COOKSTOVE PROGRAM,EVI Green Markets Pte. Ltd.,Energy demand,,VMR0006,Registered,India,"1,720",Asia,2025-04-23,2023-05-29,2030-05-28
4984,CLEAN BIO-ENERGY INITIATIVE IN  MADHYA PRADESH AND MAHARASHTRA,Ecological Restoration Organization,Energy industries (renewable/non-renewable sources),,AMS-I.E.,Registered,India,"28,895",,2025-05-01,2022-09-09,2032-09-08
4982,RBML (Reliance BP Mobility Limited) EV Charging Infrastructure Project,Reliance BP Mobility Limited,Energy industries (renewable/non-renewable sources); Transport,,VM0038,Registered,India,"1,068,196",Asia,2025-04-16,2022-03-24,2032-03-23
4775,Grouped Solar Power Project by Indospace Development Management Pvt. Ltd.,Multiple Proponents,Energy industries (renewable/non-renewable sources),,AMS-I.F.,Registered,India,"8,233",Asia,2024-11-22,2022-04-27,2029-04-26
4731,"Biogas based Poultry Waste Management Project at Siddipet District, Telangana State, India",Sunmax Hatcheries Private Limited,Energy industries (renewable/non-renewable sources); Waste handling and disposal,,AMS-I.F.; AMS-III.D.,Registered,India,"26,608",Asia,2024-09-15,2024-01-28,2031-01-27
4717,Bundled Solar Power Project by AMP Energy - 02,Multiple Proponents,Energy industries (renewable/non-renewable sources),,AMS-I.F.,Registered,India,"17,148",Asia,2024-11-22,2022-01-10,2029-01-09
4661,SMG - Cookstove Program 20,Shri Maa Marketing Private Limited,Energy demand,,VMR0006,Registered,India,"53,826",Asia,2024-11-07,2023-01-01,2029-12-31
4662,SMG - Cookstove Program 21,Shri Maa Marketing Private Limited,Energy demand,,VMR0006,Registered,India,"113,183",Asia,2025-01-28,2023-01-01,2029-12-31
4663,SMG Cookstove Program 22,Shri Maa Marketing Private Limited,Energy demand,,VMR0006,Registered,India,"105,045",Asia,2025-02-28,2023-01-01,2029-12-31
4649,CBG Plant at Sainsons,Multiple Proponents,Transport; Waste handling and disposal,,AMS-III.H.; AMS-III.AQ,Registered,India,"30,091",Asia,2024-12-04,2022-04-01,2029-03-31
4589,Biogas-based Manure Management Program,Dugdh Utpadak Sahkari Sangh Limited (DUSSL),Energy industries (renewable/non-renewable sources); Waste handling and disposal,,AMS-I.C.; AMS-III.D.,Registered,India,"11,715",Asia,2025-02-05,2023-03-31,2030-03-30
4564,"7.5 MW Waste-to-Energy Power Plant by Goodwatts WTE Jamnagar Private Limited in Gujarat, India",Goodwatts WTE Jamnagar Private Limited,Energy industries (renewable/non-renewable sources); Waste handling and disposal,,AMS-I.D.; AMS-III.E.,Registered,India,"46,759",Asia,2024-11-07,2021-11-15,2028-11-14
4493,Varanasi Smart City Bio-Conversion Project,Gobardhan Varanasi Foundation SPV,Transport; Waste handling and disposal,,AMS-III.D.; AMS-III.AO.,Registered,India,"4,741",Asia,2025-01-13,2022-06-16,2029-06-15
4477,Reduction of GHG emission by energy efficient led lights installation in Ghaziabad Nagar Nigam,Multiple Proponents,Energy demand,,AMS-II.C.,Registered,India,"27,001",Asia,2025-04-27,2021-12-27,2031-12-26
4457,Tramontana ICS-01 - The Distribution of Improved Cookstoves to Indigenous Communities across Rural India,Tramontana Impact Limited,Energy demand,,VMR0006,Registered,India,"1,310,160",Asia,2024-08-01,2023-01-21,2030-01-20
4413,Household Biogas Program for Smallholder Farmers in India by SPEF and NDDB,EKI Energy Services Limited,"Energy industries (renewable/non-renewable sources); Livestock, enteric fermentation, and manure management",,AMS-I.E.; AMS-III.R.,Registered,India,"12,319",Asia,2024-05-10,2021-08-13,2028-08-12
4382,MSW to Compost through BSF Rearing process,Ento Proteins Private Limited,Waste handling and disposal,,AMS-III.F.,Registered,India,"43,793",Asia,2024-12-13,2021-12-09,2028-12-08
4368,"Waste to Energy Project in Chennai, Tamil Nadu",Srinivas Waste Management Services Private Limited,Energy industries (renewable/non-renewable sources); Waste handling and disposal,,ACM0022,Registered,India,"28,918",Asia,2024-06-12,2021-11-15,2028-11-14
4334,"Biogas Project in Cuddalore, India",Global Carbon Solutions,Transport; Waste handling and disposal,,AMS-III.D.; AMS-III.AO.; AMS-III.AQ,Registered,India,"28,669",Asia,2024-10-04,2021-07-28,2028-07-27
4281,OKINAWA EV PROJECT IN INDIA,Okinawa Autotech Internationall Private Limited,Transport,,AMS-III.C.,Registered,India,"40,080",Asia,2024-12-17,2022-06-15,2029-06-14
4250,CLEAN COOKSTOVE FOR GARO COMMUNITIES,GHE Impact Ventures Private Limited,Energy demand,,VMR0006,Registered,India,"94,759",Asia,2024-05-08,2022-10-19,2029-10-18
4245,Biogas to electricity generation group project in India,EKI Energy Services Limited,Energy industries (renewable/non-renewable sources); Waste handling and disposal,,AMS-I.F.; AMS-III.D.,Registered,India,"20,862",Asia,2024-07-03,2021-06-22,2028-06-21
4229,RENEW SAKHI - IMPROVED COOKSTOVES - 01,ReNew Power Synergy Private Limited,Energy demand,,VMR0006,Registered,India,"2,648,515",Asia,2024-02-16,2023-02-06,2030-02-05
4196,MicroEnergy Credits - Microfinance for Efficient Lighting Product Lines - India,MicroEnergy Credits Corp,Energy demand,,AMS-II.C.,Registered,India,"43,079",Asia,2024-03-12,2021-07-15,2028-07-14
4187,Floating Solar project of Greenam Energy,Greenam Energy Private Limited,Energy industries (renewable/non-renewable sources),,ACM0002,Registered,India,"36,376",Asia,2024-09-19,2022-01-12,2029-01-11
4071,Bundled Rooftop Solar Power Project by SPPL 01,Multiple Proponents,Energy industries (renewable/non-renewable sources),,AMS-I.F.,Registered,India,"13,735",Asia,2025-02-05,2023-01-05,2030-01-04
4048,Smart Cookstove Program by Tata Communications,Tata Communications Limited,Energy demand,,VMR0006,Registered,India,"49,082",Asia,2024-10-21,2022-12-24,2029-12-23
4025,"Strengthening rural livelihoods of smallholder farmers in tribal districts of Odisha,India",Multiple Proponents,Agriculture Forestry and Other Land Use,ARR,AR-ACM0003,Registered,India,"159,512",Asia,2025-04-24,2020-06-01,2050-05-31
4003,Bundled Solar Power Project by AMP Energy - 01,Multiple Proponents,Energy industries (renewable/non-renewable sources),,AMS-I.F.,Registered,India,"13,207",Asia,2023-08-18,2021-03-05,2028-03-04
3954,SUSTAINABLE CHARCOAL AND IMPROVED COOKSTOVE INITIATIVE USING MICRO-GASIFIER IN INDIA,"ECONEXUS Carbon Credit Co., Ltd.,",Chemical industry; Energy demand; Energy industries (renewable/non-renewable sources),,VMR0006; AMS-III.BG,Registered,India,"3,206,158",Asia,2024-05-14,2022-09-10,2029-09-09
3949,Waste Management Project-1 by GLOBAL CARBON SOLUTIONS,Global Carbon Solutions,Transport; Waste handling and disposal,,AMS-III.D.; AMS-III.AO.; AMS-III.AQ,Registered,India,"35,936",Asia,2024-12-02,2021-02-24,2028-02-23
3892,RESTORATION OF HOMESTEAD LAND OF POOR RURAL COMMUNITIES IN ASSAM & MEGHALAYA,Multiple Proponents,Agriculture Forestry and Other Land Use,ALM; ARR,AR-ACM0003,Registered,India,"170,282",Asia,2024-08-21,2024-01-01,2043-12-31
3889,Household Biogas Project in Madhya Pradesh & Jharkhand,Multiple Proponents,Energy industries (renewable/non-renewable sources),,AMS-I.E.,Registered,India,"30,154",Asia,2023-05-30,2021-03-01,2031-02-28
3878,Improved Cookstove Distribution by Climate Detox Private Limited - Phase III,Climate Detox Private Limited,Energy demand,,VMR0006,Registered,India,"360,290",Asia,2024-03-20,2022-08-16,2029-08-15
3848,Climate Action Through Improved Cooking Access In Indo-Gangetic Plains,Multiple Proponents,Energy demand,,VMR0006,Registered,India,"1,767,067",Asia,2024-04-03,2023-06-01,2033-05-31
3850,SHINE - Distribution of LED lightbulbs in India-1,Brightspark Energy Pvt. Ltd.,Energy demand,,AMS-II.C.,Registered,India,"101,925",Asia,2024-01-17,2018-08-13,2028-08-12
3832,"Solar Powered Irrigation Services by Claro Energy, India",Multiple Proponents,Energy industries (renewable/non-renewable sources),,AMS-I.B.,Registered,India,"91,823",Asia,2024-06-22,2022-01-12,2029-01-11
3769,SMG - Cookstove Program 1,Shri Maa Marketing Private Limited,Energy demand,,VMR0006,Registered,India,"83,186",Asia,2023-12-18,2022-11-01,2029-10-31
3770,SMG - Cookstove Program 2,Shri Maa Marketing Private Limited,Energy demand,,VMR0006,Registered,India,"90,249",Asia,2024-12-13,2022-12-01,2029-11-30
3771,SMG - Cookstove Program 3,Shri Maa Marketing Private Limited,Energy demand,,VMR0006,Registered,India,"90,249",Asia,2024-10-22,2022-12-01,2029-11-30
3757,Enhancing Lives of communities by distribution of Cookstoves,Outreach Projects Pvt. Ltd.,Energy demand,,VMR0006,Registered,India,"449,956",Asia,2024-01-31,2022-11-20,2029-11-19
3752,SMG - LED Light Program 1,Shri Maa Marketing Private Limited,Energy demand,,AMS-II.C.,Registered,India,"13,402",Asia,2024-04-03,2022-10-01,2029-09-30
3742,Distributed Renewable Energy Program for People and Planet,GEAPP ServiceCO (India) Private Limited,Energy industries (renewable/non-renewable sources),,AMS-I.F.,Registered,India,"92,663",Asia,2024-12-27,2021-06-23,2031-06-22
3693,Improved Cookstove Distribution by Climate Detox Private Limited- Phase II,Multiple Proponents,Energy demand,,VMR0006,Registered,India,"368,478",Asia,2024-03-07,2022-08-01,2029-07-31
3689,Biodiesel Project by Rajputana Biodiesel Private Limited,Rajputana Biodiesel Private Limited,Chemical industry; Transport,,AMS-III.AK,Registered,India,"126,559",Asia,2024-05-17,2020-12-15,2027-12-14
3680,Improved Cookstove Distribution by Climate Detox Private Limited- Phase I,Multiple Proponents,Energy demand,,VMR0006,Registered,India,"368,478",Asia,2024-03-06,2022-07-10,2029-07-09
3658,DISTRIBUTION OF FUEL EFFICIENT IMPROVED COOKSTOVES IN INDIA,SB Agri Renewable Private Limited,Energy demand,,VMR0006,Registered,India,"103,850",Asia,2024-08-27,2021-03-01,2028-02-29
3655,Sustainable Paddy Program,AgriCapita Innotech Private Limited,Agriculture Forestry and Other Land Use,ALM,AMS-III.AU,Registered,India,"54,252",Asia,2025-05-02,2022-07-01,2032-06-30
3657,Grouped Commercial Vehicle EV Project in India,Multiple Proponents,Transport,,AMS-I.F.; AMS-III.C.,Registered,India,"7,052",Asia,2023-09-05,2021-03-23,2031-03-22
3544,Solid Waste to Energy Production Facility Sonepat,JBM Environment Management Pvt Ltd,Energy industries (renewable/non-renewable sources); Waste handling and disposal,,ACM0022,Registered,India,"152,616",Asia,2024-06-10,2021-08-13,2031-08-12
3553,COMMUNITY PARTICIPATIVE FORESTRY/AGROFORESTRY DEVELOPMENT PROJECT IN INDIA,Indian Farm Forestry Development Co-operative Ltd.,Agriculture Forestry and Other Land Use,ARR,AR-AMS0007,Registered,India,"10,371",Asia,2025-03-21,2015-07-01,2035-06-30
3556,Grouped Rooftop Solar Project by Tata Power Renewable Energy Limited,Tata Power Renewable Energy Limited,Energy industries (renewable/non-renewable sources),,AMS-I.F.,Registered,India,"17,764",Asia,2024-02-20,2020-10-01,2027-09-30
3534,7.81MW solar power project by AMPSolar Generation Private Limited,AMPSolar Generation Private Limited.,Energy industries (renewable/non-renewable sources),,AMS-I.F.,Registered,India,"11,212",Asia,2024-06-06,2020-12-26,2027-12-25
3460,LED distribution project by EKI Energy Services Limited,EKI Energy Services Limited,Energy demand,,AMS-II.C.,Registered,India,"18,778",Asia,2024-07-16,2022-09-24,2029-09-23
3455,Enhancing livelihood of rural communities in India through improved cook stoves by Shri Maa,Shri Maa Marketing Private Limited,Energy demand,,VMR0006,Registered,India,"87,147",Asia,2024-11-20,2022-08-01,2029-07-31
3413,Installation of high efficiency cookstoves in India by AGS Carbon – Project 2,AGS Carbon Advisory,Energy demand,,VMR0006,Registered,India,"333,938",Asia,2024-01-04,2023-06-10,2030-06-09
3360,Developing climate resilience of the coastal communities of Sundarbans through Mangrove Afforestation,Multiple Proponents,Agriculture Forestry and Other Land Use,ARR; WRC,AR-AM0014,Registered,India,"29,782",Asia,2025-01-15,2021-08-28,2041-08-27
3361,Participatory Mangrove Afforestation & Restoration in the west coast of India,Multiple Proponents,Agriculture Forestry and Other Land Use,ARR; WRC,AR-AM0014,Registered,India,"9,003",Asia,2025-01-24,2022-05-14,2122-05-13
3286,Grouped Water Purification Project in India,Multiple Proponents,Energy demand,,AMS-III.AV.,Registered,India,"23,070",Asia,2024-09-03,2021-12-08,2031-12-07
3282,Solid Waste Management Project at Moradabad,HARI BHARI MORADABAD WASTE MANAGEMENT PRIVATE LIMITED,Waste handling and disposal,,ACM0022,Registered,India,"52,510",Asia,2024-07-05,2020-09-01,2030-08-31
3249,Global Cookstove Program (Phase 21),EKI Energy Services Limited,Energy demand,,VMR0006,Registered,India,"6,956",Asia,2024-08-22,2023-06-01,2030-05-31
3250,Global Cookstove Program (Phase 22),EKI Energy Services Limited,Energy demand,,VMR0006,Registered,India,"6,956",Asia,2024-01-16,2023-03-01,2030-02-28
3251,Global Cookstove Program (Phase 23),EKI Energy Services Limited,Energy demand,,VMR0006,Registered,India,"6,956",Asia,2024-03-25,2023-02-15,2030-02-14
3252,Global Cookstove Program (Phase 24),EKI Energy Services Limited,Energy demand,,VMR0006,Registered,India,"6,956",Asia,2024-01-26,2022-03-01,2029-02-28
3253,Global Cookstove Program (Phase 25),EKI Energy Services Limited,Energy demand,,VMR0006,Registered,India,"6,956",Asia,2024-01-26,2023-03-01,2030-02-28
3243,Core Carbon Sustainable Rice Productions 01,Core CarbonX Solutions Private Limited,Agriculture Forestry and Other Land Use,ALM,AMS-III.AU,Registered,India,"1,375",Asia,2025-02-10,2022-07-03,2029-07-02
3240,The Core Carbon,Core CarbonX Solutions Private Limited,Energy demand,,VMR0006,Registered,India,"250,712",Asia,2023-08-15,2022-05-03,2029-05-02
3238,Core Carbon Sustainable Rice Productions,Core CarbonX Solutions Private Limited,Agriculture Forestry and Other Land Use,ALM,AMS-III.AU,Registered,India,"4,740",Asia,2025-02-10,2022-07-01,2029-06-30
3161,Displacement of firewood by household biogas stoves in India,Greneity Infocom Service Pvt Ltd,Energy industries (renewable/non-renewable sources),,AMS-I.E.,Registered,India,"51,409",Asia,2023-01-10,2020-09-01,2030-08-31
3162,Holistic development of North East India through clean energy access,SDG 13 Ventures Pte. Ltd.,Energy demand,,VMR0006,Registered,India,"790,204",Asia,2024-06-18,2023-06-01,2033-05-31
3151,Clean Cooking Access for Women in Rural Maharashtra,SDG 13 Ventures Pte. Ltd.,Energy demand,,VMR0006,Registered,India,"2,116,773",Asia,2024-08-06,2023-07-01,2033-06-30
3109,Biomass Cookstove Project in Jharkhand,Fair Climate Fund India Private Limited,Energy demand,,VMR0006,Registered,India,"13,957",Asia,2022-12-22,2020-09-01,2030-08-31
3095,Biodiesel Project by Kotyark Industries Limited,Kotyark Industries Limited,Chemical industry,,ACM0017,Registered,India,"270,014",Asia,2024-03-01,2020-09-15,2027-09-14
3059,"Replacement of ICLs with LED lamps in Gujarat, India",AGS Carbon Advisory,Energy demand,,AMS-II.C.,Registered,India,"53,799",Asia,2023-01-05,2022-06-02,2032-06-01
3030,The Clean Energy Cooking Initiative,Multiple Proponents,Energy demand,,VMR0006,Registered,India,"136,942",Asia,2024-10-21,2022-11-20,2029-11-19
3031,Global Cookstove Program (EKI Phase 12),EKI Energy Services Limited,Energy demand,,VMR0006,Registered,India,"73,222",Asia,2024-10-21,2023-01-22,2030-01-21
2993,Grouped rooftop solar power project by SAEL Limited,SAEL Limited,Energy industries (renewable/non-renewable sources),,AMS-I.F.,Registered,India,"5,860",Asia,2023-05-15,2021-03-12,2028-03-11
2968,Replacement of ICLs by LED lamps in India,AGS Carbon Advisory,Energy demand,,AMS-II.C.,Registered,India,"53,799",Asia,2023-02-10,2022-06-24,2032-06-23
2960,Changing Lives via Improved Cooking Initiative - India,Multiple Proponents,Energy demand,,VMR0006,Registered,India,"3,972,774",Asia,2024-02-22,2023-08-03,2030-08-02
2939,Global Cookstove Program (EKI Phase 01),EKI Energy Services Limited,Energy demand,,VMR0006,Registered,India,"190,438",Asia,2023-02-01,2021-12-21,2028-12-20
2940,GLOBAL COOKSTOVE PROGRAM (EKI - Pink City),Multiple Proponents,Energy demand,,VMR0006,Registered,India,"226,899",Asia,2024-10-18,2022-12-05,2029-12-04
2941,Global Cookstove Program (EKI Phase 03),EKI Energy Services Limited,Energy demand,,VMR0006,Registered,India,"376,969",Asia,2024-10-18,2022-04-10,2029-04-09
2942,Clean Cooking - Cook Stove for Rural India,Multiple Proponents,Energy demand,,VMR0006,Registered,India,"50,552",Asia,2024-01-16,2022-06-16,2029-06-15
2943,Global Cookstove Program (EKI Phase 05),EKI Energy Services Limited,Energy demand,,VMR0006,Registered,India,"2,295,219",Asia,2024-10-21,2022-10-01,2029-09-30
2944,Clean Cookstoves for Rural India,EKI Energy Services Limited,Energy demand,,VMR0006,Registered,India,"714,414",Asia,2024-01-04,2022-05-11,2029-05-10
2945,Global Cookstove Program (EKI Phase 07),EKI Energy Services Limited,Energy demand,,VMR0006,Registered,India,"6,956",Asia,2024-01-31,2023-08-01,2030-07-31
2946,Global Cookstove Program (EKI Phase 08),EKI Energy Services Limited,Energy demand,,VMR0006,Registered,India,"6,956",Asia,2024-01-31,2023-02-15,2030-02-14
2947,Global Cookstove Program (EKI Phase 09),EKI Energy Services Limited,Energy demand,,VMR0006,Registered,India,"6,956",Asia,2024-05-16,2023-07-01,2030-06-30
2948,Global Cookstove Program (EKI Phase 10),EKI Energy Services Limited,Energy demand,,VMR0006,Registered,India,"6,993",Asia,2023-06-07,2023-01-30,2030-01-29
2922,Improved Cookstoves for Communities,Outreach Projects Pvt. Ltd.,Energy demand,,VMR0006,Registered,India,"449,956",,2024-01-10,2021-11-20,2028-11-19
2908,Biomass Cookstove Project in Meghalaya,Multiple Proponents,Energy demand,,VMR0006,Registered,India,"44,163",Asia,2023-05-30,2021-04-01,2031-03-31
2868,Women led cleaner cooking initiative in Odisha,SDG 13 Ventures Pte. Ltd.,Energy demand,,VMR0006,Registered,India,"1,558,866",Asia,2023-06-20,2022-06-01,2032-05-31
2833,Grouped Reforestation Project by Cropzone Agro Forestry Private Limited,CropZone Agro Forestry Private Limited,Agriculture Forestry and Other Land Use,ARR,AR-ACM0003,Registered,India,"10,673",Asia,2023-09-12,2017-06-04,2117-06-03
2763,Waste Energy project in Dadra & Nagar Haveli(D&NH),3R Management (P) Ltd,Energy industries (renewable/non-renewable sources); Waste handling and disposal,,ACM0022,Registered,India,"90,808",Asia,2024-06-28,2020-02-26,2030-02-25
2752,Waste Energy project in Andhra Pradesh & Rajasthan,MAHINDRA WASTE TO ENERGY SOLUTIONS LTD.,Waste handling and disposal,,ACM0002,Registered,India,"21,855",Asia,2024-08-02,2020-02-01,2030-01-31
2708,BluSmart EV Project in India,BluSmart Mobility Private Limited,Energy industries (renewable/non-renewable sources); Transport,,AMS-I.F.; AMS-III.C.,Registered,India,"25,251",Asia,2022-07-17,2020-02-05,2030-02-04
2700,SHINE - Distribution of LED lightbulbs in India-6,Brightspark Energy Pvt. Ltd.,Energy demand,,AMS-II.C.,Registered,India,"1,141,778",Asia,2022-11-29,2021-03-25,2031-03-24
2701,SHINE - Distribution of LED lightbulbs in India-7,Brightspark Energy Pvt. Ltd.,Energy demand,,AMS-II.C.,Registered,India,"55,903",Asia,2022-11-29,2021-12-14,2031-12-13
2695,SHINE - Distribution of LED lightbulbs in India-5,Brightspark Energy Pvt. Ltd.,Energy demand,,AMS-II.C.,Registered,India,"952,806",Asia,2022-11-29,2021-03-19,2031-03-18
2664,Installation of High Efficient Cook Stoves by EKI Energy Services Limited,EKI Energy Services Limited,Energy demand,,VMR0006,Registered,India,"211,856",Asia,2022-11-23,2020-02-15,2027-02-14
2657,SHINE – Distribution of LED Lightbulbs in India-3,Multiple Proponents,Energy demand,,AMS-II.C.,Registered,India,"55,046",Asia,2022-11-29,2020-03-06,2030-03-05
2658,SHINE – Distribution of LED Lightbulbs in India-4,Brightspark Energy Pvt. Ltd.,Energy demand,,AMS-II.C.,Registered,India,"54,629",Asia,2022-11-29,2018-08-12,2028-08-11
2607,Household Energy Efficiency Programme,C-Quest Capital SG India Holdings Private Limited,Energy demand,,VMR0006,Registered,India,"680,100",Asia,2023-01-19,2021-09-17,2031-09-16
2608,SHINE - Distribution of LED lightbulbs in India-2,Multiple Proponents,Energy demand,,AMS-II.C.,Registered,India,"55,082",Asia,2022-02-22,2018-08-12,2028-08-11
2533,Improved Cookstove Programme by SDG13 in India,SDG 13 Ventures Pte. Ltd.,Energy demand,,VMR0006,Registered,India,"1,966,523",Asia,2022-07-02,2022-01-01,2031-12-31
2479,Mahogany Plantation in India,Mahogani Vishwa Agro Pvt Ltd,Agriculture Forestry and Other Land Use,ARR,AR-ACM0003,Registered,India,"8,446",Asia,2023-11-20,2019-06-28,2049-06-27
2473,Installation of High Efficient Cook Stoves by Enking International,EKI Energy Services Limited,Energy demand,,VMR0006,Registered,India,"86,825",Asia,2022-06-09,2019-10-16,2026-10-15
2461,Convergence Energy Services Ltd. (CESL) EV Charging Infrastructure Project,Convergence Energy Services Limited,Energy distribution; Energy industries (renewable/non-renewable sources); Transport,,VM0038,Registered,India,"12,334",Asia,2024-01-03,2019-04-12,2029-04-11
2435,Distribution of Improved cook stove - Phase 7,G K Energy Marketers Pvt. Ltd,Energy demand,,AMS-II.G.,Registered,India,"12,999",Asia,2023-06-14,,
2436,Distribution of Improved cook stove - Phase 8,G K Energy Marketers Pvt. Ltd,Energy demand,,AMS-II.G.,Registered,India,"12,627",Asia,2022-10-06,,
2437,Distribution of Improved cook stove - Phase 9,G K Energy Marketers Pvt. Ltd,Energy demand,,AMS-II.G.,Registered,India,"13,196",Asia,2022-12-04,,
2438,Distribution of Improved cook stove - Phase 10,G K Energy Marketers Pvt. Ltd,Energy demand,,AMS-II.G.,Registered,India,"12,619",Asia,2022-09-30,,
2439,Distribution of Improved cook stove - Phase 18,G K Energy Marketers Pvt. Ltd,Energy demand,,AMS-II.G.,Registered,India,"12,945",Asia,2023-01-03,,
2440,Distribution of Improved cook stove - Phase 20,G K Energy Marketers Pvt. Ltd,Energy demand,,AMS-II.G.,Registered,India,"12,855",Asia,2022-12-08,,
2441,Distribution of Improved cook stove - Phase 22,G K Energy Marketers Pvt. Ltd,Energy demand,,AMS-II.G.,Registered,India,"12,766",Asia,2024-01-13,,
2442,Distribution of Improved cook stove - Phase 24,G K Energy Marketers Pvt. Ltd,Energy demand,,AMS-II.G.,Registered,India,"12,675",Asia,2022-12-09,,
2443,Distribution of Improved cook stove - Phase 25,G K Energy Marketers Pvt. Ltd,Energy demand,,AMS-II.G.,Registered,India,"12,810",Asia,2022-11-07,,
2444,Distribution of Improved cook stove - Phase 17,G K Energy Marketers Pvt. Ltd,Energy demand,,AMS-II.G.,Registered,India,"12,945",Asia,2022-12-07,,
2446,Distribution of Improved cook stove - Phase 23,G K Energy Marketers Pvt. Ltd,Energy demand,,AMS-II.G.,Registered,India,"12,945",Asia,2022-12-07,,
2447,Distribution of Improved cook stove - Phase 21,G K Energy Marketers Pvt. Ltd,Energy demand,,AMS-II.G.,Registered,India,"13,035",Asia,2022-12-04,,
2448,Distribution of Improved cook stove - Phase 19,G K Energy Marketers Pvt. Ltd,Energy demand,,AMS-II.G.,Registered,India,"12,900",Asia,2023-02-06,,
2422,Distribution of Improved cook stove - Phase I,G K Energy Marketers Pvt. Ltd,Energy demand,,AMS-II.G.,Registered,India,"12,644",Asia,2022-12-07,,
2423,Distribution of Improved cook stove - Phase II,G K Energy Marketers Pvt. Ltd,Energy demand,,AMS-II.G.,Registered,India,"12,644",Asia,2023-02-21,,
2424,Distribution of Improved cook stove - Phase III,G K Energy Marketers Pvt. Ltd,Energy demand,,AMS-II.G.,Registered,India,"13,125",Asia,2022-12-08,,
2425,Distribution of Improved cook stove - Phase IV,G K Energy Marketers Pvt. Ltd,Energy demand,,AMS-II.G.,Registered,India,"12,909",Asia,2022-09-30,,
2426,Distribution of improved cook stove- phase V,G K Energy Marketers Pvt. Ltd,Energy demand,,AMS-II.G.,Registered,India,"13,062",Asia,2022-09-30,,
2427,Distribution of Improved cook stove - Phase VI,G K Energy Marketers Pvt. Ltd,Energy demand,,AMS-II.G.,Registered,India,"12,990",Asia,2021-11-09,,
2428,Distribution of Improved cook stove - Phase 14,G K Energy Marketers Pvt. Ltd,Energy demand,,AMS-II.G.,Registered,India,"13,050",Asia,2022-12-07,,
2429,Distribution of Improved cook stove- Phase 15,G K Energy Marketers Pvt. Ltd,Energy demand,,AMS-II.G.,Registered,India,"12,843",Asia,2023-07-31,,
2430,Distribution of Improved cook stove - Phase 16,G K Energy Marketers Pvt. Ltd,Energy demand,,AMS-II.G.,Registered,India,"12,945",Asia,2022-11-07,,
2415,Distribution of Improved cook stove - Phase 11,G K Energy Marketers Pvt. Ltd,Energy demand,,AMS-II.G.,Registered,India,"13,428",Asia,2021-11-26,,
2416,Distribution of Improved cook stove - Phase 12,G K Energy Marketers Pvt. Ltd,Energy demand,,AMS-II.G.,Registered,India,"13,930",Asia,2022-12-13,,
2417,Distribution of Improved cook stove - Phase 13,G K Energy Marketers Pvt. Ltd,Energy demand,,AMS-II.G.,Registered,India,"13,420",Asia,2022-12-07,,
2404,Reforestation of degraded land by MTPL in India,Mangalam Timber Unit of Mangalam Cement Limited,Agriculture Forestry and Other Land Use,ARR,AR-ACM0001,Registered,India,"146,998",Asia,2022-03-03,2001-06-25,2031-06-24
2336,Energy Efficient Cook Stove Implementation in India,Enen Green Services Private Limited,Energy demand,,VMR0006,Registered,India,"55,890",Asia,2021-12-07,2019-06-28,2029-06-27
51,29.70 MW Wind Power project in Karnataka India,ACCIONA WIND ENERGY PVT. LTD.,Energy industries (renewable/non-renewable sources),,ACM0002,Registered,India,"88,240",Asia,2020-04-06,,
68,"119.8 MW Natural Gas based Combined Cycle Power Plant, at Tanjavur, Tamilnadu by M/s Aban  Power Company Limited",Lanco Tanjore Power Company Limited,Energy industries (renewable/non-renewable sources),,AM0029,Registered,India,"181,153",Asia,2020-04-06,,
117,"Waste heat recovery based power plant at Hindustan Zinc Limited, Chanderia",Hindustan Zinc Limited,Energy industries (renewable/non-renewable sources),,ACM0012,Registered,India,"51,609",Asia,2020-04-06,,
132,"9 MW Neria Hyrdroelectric project, Karnataka, India",Bhoruka Power Corporation Limited,Energy industries (renewable/non-renewable sources),,AMS-I.D.,Registered,India,"18,663",Asia,2009-08-29,,
195,"8.3 MW Wind Electricity Generation Project by Parakh Agro Industries Limited in Dhule, Maharashtra",Parakh Agro Industries Ltd.,Energy industries (renewable/non-renewable sources),,AMS-I.D.,Registered,India,"13,175",Asia,2009-11-24,,
255,"7.2 MW Nargund wind project for Grid system by Bhoruka Power Corporation Limited in Karnataka State, India.",Bhoruka Power Corporation Limited,Energy industries (renewable/non-renewable sources),,AMS-I.D.,Registered,India,"18,416",Asia,2020-04-06,2017-09-29,2027-09-28
265,"4.5 MW Grouped Small Hydropower Projects for Grid system by Bhoruka Power Corporation Limited in Karnataka State, India.",Bhoruka Power Corporation Limited,Energy industries (renewable/non-renewable sources),,AMS-I.D.,Registered,India,"16,867",Asia,2020-04-06,,
268,2.5 MW WINDPOWERGENERATION PROJECT OF C.J.SHAH & CO,C . J . SHAH & CO,Energy industries (renewable/non-renewable sources),,AMS-I.D.,Registered,India,"3,697",Asia,2010-01-06,,
269,6.25 MW Wind Power Generation project of Salora International Limited,Salora International Limited,Energy industries (renewable/non-renewable sources),,AMS-I.D.,Registered,India,"9,440",Asia,2010-01-06,,
274,Hanuman Ganga Hydro (4.95 MW) Plant at Uttarakhand,Regency Aquaelectro & Motelresorts Ltd.,Energy industries (renewable/non-renewable sources),,AMS-I.D.,Registered,India,"18,422",Asia,2020-04-06,,
298,"Aryan Coal 15 MW Wind Project in Maharashtra, India",ACB (INDIA) LIMITED,Energy industries (renewable/non-renewable sources),,AMS-I.D.,Registered,India,"23,816",Asia,2020-04-06,2016-03-28,2026-03-27
303,"Positive Climate Care 9.75 MW Bundled Wind Power Project Activity by Savita Oil Technologies Ltd. & its group companies in the state of Maharashtra, India",Savita Oil Technologies Limited,Energy industries (renewable/non-renewable sources),,AMS-I.D.,Registered,India,"15,480",Asia,2010-02-01,,
305,4.5 MW bundled wind power project,VVD AND SONS PRIVATE LIMITED,Energy industries (renewable/non-renewable sources),,AMS-I.D.,Registered,India,"8,820",Asia,2010-02-02,,
349,"8.35 MW Wind Power Project at Guddarangavana Halli, District Chitradurga, State Karnataka, India.",MSPL Limited,Energy industries (renewable/non-renewable sources),,AMS-I.D.,Registered,India,"17,068",Asia,2020-04-06,,
376,"Positive Climate Care 8.25 MW Bundled Wind Power Project Activity by Savita Oil Technologies Limited in Hassan, Karnataka, India.",Savita Oil Technologies Limited,Energy industries (renewable/non-renewable sources),,AMS-I.D.,Registered,India,"17,757",Asia,2010-05-04,,
458,6 MW Wind Power Project in Maharashtra by PTC India,PTC India Ltd.,Energy industries (renewable/non-renewable sources),,AMS-I.D.,Registered,India,"11,562",,2020-04-06,,
482,2.5 MW Bundled Wind Power Project in Maharashtra (India),Raj Infrastructure Development (India) Pvt. Ltd.,Energy industries (renewable/non-renewable sources),,AMS-I.D.,Registered,India,"3,946",Asia,2010-08-18,,
493,"5 MW Brahm Ganga Hydro – Electric Project at Kullu district of Himachal Pradesh, India",Harisons Hydel Construction Co. (P) Limited,Energy industries (renewable/non-renewable sources),,AMS-I.D.,Registered,India,"17,868",Asia,2010-09-10,2018-04-02,2028-04-01
498,"Grid-connected wind electricity generation project in Tamil Nadu, India",National Enterprises,Energy industries (renewable/non-renewable sources),,AMS-I.D.,Registered,India,"7,402",Asia,2010-10-08,,
499,"Positive Climate Care 4.67 MW Bundled Grid connected Wind Power Project Activity in Jaisalmer, Rajasthan, India",Multiple Proponents,Energy industries (renewable/non-renewable sources),,AMS-I.D.,Registered,India,"13,233",Asia,2020-04-06,,
508,"Natural Gas based Combined Cycle Power Project at Valantharavai Village, Ramanathapuram District, Tamil Nadu by Penna Electricity Limited [Formerly Arkay Energy Limited]",Pioneer Power Limited,Energy industries (renewable/non-renewable sources),,AM0029,Registered,India,"90,339",Asia,2010-10-28,,
531,"1 MW Jiwa Small Hydel Project in Kullu, Himachal Pradesh",Chevron Hydel (Pvt.) Ltd.,Energy industries (renewable/non-renewable sources),,AMS-I.D.,Registered,India,"4,484",Asia,2020-04-06,,
538,14.1 MW grid connected wind energy project in Tamilnadu by ITC Limited,ITC Limited,Energy industries (renewable/non-renewable sources),,AMS-I.D.,Registered,India,"36,182",Asia,2020-04-06,,
563,Biomass based steam generation project by Sterling Agro Industries Ltd.,Sterling Agro Industries Ltd.,Energy industries (renewable/non-renewable sources),,AMS-I.C.,Registered,India,"9,500",Asia,2020-04-06,,
584,2.5 MW Rice husk based cogeneration plant at Hanuman Agro Industries Limited,Hanuman Agro Industries Ltd.,Energy industries (renewable/non-renewable sources),,AMS-I.C.,Registered,India,"32,563",Asia,2020-04-06,,
617,"Electricity generation through wind power project at Jodhpur, Rajasthan",M/s Paranjape Autocast Pvt. Ltd.,Energy industries (renewable/non-renewable sources),,AMS-I.D.,Registered,India,"5,808",Asia,2011-05-21,,
650,"Biomass Based Power Generation Plant at Village Channu, Punjab",Universal Biomass Energy Private Limited,Energy industries (renewable/non-renewable sources),,AMS-I.D.,Registered,India,"74,891",Asia,2011-07-21,,
655,"24.8 MW Wind power project by Belgaum Wind Farms Private Ltd. in Gadag, Karnataka",Belgaum Wind Farms Private Limited,Energy industries (renewable/non-renewable sources),,ACM0002,Registered,India,"51,985",Asia,2020-04-06,,
662,5.5 MW Bundled Wind Power Project by WMI Cranes Ltd,WMI Power Private Limited,Energy industries (renewable/non-renewable sources),,AMS-I.D.,Registered,India,"8,906",Asia,2020-04-06,,
676,33.9 MW Bundled Wind Power project in states of Karnataka and Tamil Nadu,Techno Electric & Engineering Company Ltd,Energy industries (renewable/non-renewable sources),,ACM0002,Registered,India,"81,947",Asia,2020-04-06,2018-04-01,2028-03-31
636,8MW biomass based power plant at Phagwara,JCT Ltd,Energy industries (renewable/non-renewable sources),,AMS-I.C.,Registered,India,"29,393",Asia,2020-04-06,,
691,Improving Energy Efficiency In Railways' Residential Quarters - Northern Region in India,C-Quest Capital,Energy demand,,AMS-II.J.,Registered,India,"20,500",Asia,2020-04-06,,
734,Wind power project by Patnaik Minerals Pvt. Ltd.,Patnaik Minerals Private Limited (PMPL),Energy industries (renewable/non-renewable sources),,ACM0002,Registered,India,"64,864",Asia,2020-06-04,,
749,Grid Connected Renewable Power Generation from Wind Mills by L.S Mills,Multiple Proponents,Energy industries (renewable/non-renewable sources),,AMS-I.D.,Registered,India,"18,539",Asia,2011-12-16,,
782,Grid connected wind energy project in Tamil Nadu by Super Wind Project Private Ltd.,Super Wind Project Private Ltd,Energy industries (renewable/non-renewable sources),,ACM0002,Registered,India,"80,087",Asia,2020-04-06,,
840,WIND POWER PROJECT BY M/S DHARIWAL INDUSTRIES LTD. AND M/S R. M. DHARIWAL (HUF),Multiple Proponents,Energy industries (renewable/non-renewable sources),,ACM0002,Registered,India,"35,919",Asia,2020-04-06,,
891,"Bundled Wind Power generation project by Savita Oil Technologies Ltd., India",Savita Oil Technologies Limited,Energy industries (renewable/non-renewable sources),,AMS-I.D.,Registered,India,"15,000",Asia,2012-09-13,,
821,13.95 MW grid connected wind electricity generation by SRF Limited,SRF Limited,Energy industries (renewable/non-renewable sources),,AMS-I.D.,Registered,India,"34,886",Asia,2020-04-06,,
926,"Wind power project by Sargam Retails Pvt. Ltd. in Gujarat, India",Sargam Retails Pvt. Limited,Energy industries (renewable/non-renewable sources),,AMS-I.D.,Registered,India,"16,181",Asia,2020-04-06,,
1021,Grid Connected Wind Power Project by M/s. D. J. Malpani in Rajasthan,M/s D. J. Malpani,Energy industries (renewable/non-renewable sources),,AMS-I.D.,Registered,India,"13,433",Asia,2013-08-29,2021-03-21,2031-03-20
1039,AES Saurashtra Windfarms,Tata Power Renewable Energy Limited,Energy industries (renewable/non-renewable sources),,ACM0002,Registered,India,"80,385",Asia,2013-04-16,,
1045,"Wind Power Project at Rajkot, Gujarat",ReNew Wind Energy (Rajkot) Private Limited,Energy industries (renewable/non-renewable sources),,ACM0002,Registered,India,"47,244",Asia,2013-08-13,2022-03-29,2032-03-28
1069,"8 MW bundled wind power project, proposed by Ghodawat Industries (India) Pvt. Ltd.",Ghodawat Industries (I) Pvt.Ltd.,Energy industries (renewable/non-renewable sources),,AMS-I.D.,Registered,India,"116,926",Asia,2020-04-06,,
1075,Kohinoor Wind Power Project in Rajasthan,Multiple Proponents,Energy industries (renewable/non-renewable sources),,ACM0002,Registered,India,"37,741",Asia,2010-10-03,,
1088,"4.2 MW Wind Power Project by National Enterprises at Tamil Nadu, India",National Enterprises,Energy industries (renewable/non-renewable sources),,AMS-I.D.,Registered,India,"9,294",Asia,2013-06-21,,
1114,SONAWADE SMALL HYDRO POWER PROJECT,Mahati Hydro Power Projects Private Limited,Energy industries (renewable/non-renewable sources),,AMS-I.D.,Registered,India,"16,995",Asia,2013-10-23,2020-09-14,2030-09-13
1160,"6.5 MW cogeneration project in Akbarpur, Punjab",Gillanders Arbuthnot & Co. Ltd,Energy industries (renewable/non-renewable sources),,AMS-I.C.,Registered,India,"35,044",Asia,2012-10-29,,
1217,Electricity Generation through Wind Power by SRHHL,Sree Rayalaseema Hi-Strength Hypo Limited,Energy industries (renewable/non-renewable sources),,AMS-I.D.,Registered,India,"11,215",Asia,2013-12-20,,
1236,25 MW Solar PV Project in Gujarat,Visual Percept Solar Projects Pvt. Ltd. (VPSPPL),Energy industries (renewable/non-renewable sources),,ACM0002,Registered,India,"32,763",Asia,2020-04-06,,
1254,"Yelisirur wind power project, India",Bhoruka Power Corporation Limited,Energy industries (renewable/non-renewable sources),,ACM0002,Registered,India,"49,451",Asia,2014-02-26,,
733,Biomass based steam generation project by Gujarat Ambuja Exports Ltd.,Gujarat Ambuja Exports Limited,Energy industries (renewable/non-renewable sources),,AMS-I.C.,Registered,India,"45,523",Asia,2020-04-06,,
2242,Installation of wind power project in Rajasthan and Tamil Nadu,Wind Urja India Private Limited,Energy industries (renewable/non-renewable sources),,ACM0002,Registered,India,"92,328",Asia,2021-01-05,2016-04-01,2026-03-31
2243,"Wind power project in Madhya Pradesh, India",Ratedi Wind Power Private Limited,Energy industries (renewable/non-renewable sources),,ACM0002,Registered,India,"40,546",Asia,2021-02-09,2016-08-25,2026-08-24
2244,Lalpur wind farm in Gujarat,Tadas Wind Energy Private Limited,Energy industries (renewable/non-renewable sources),,ACM0002,Registered,India,"99,859",Asia,2021-01-14,,
2245,"Wind power project in Rajasthan, India",Ratedi Wind Power Private Limited,Energy industries (renewable/non-renewable sources),,ACM0002,Registered,India,"40,546",Asia,2021-01-14,2018-07-01,2028-06-30
2248,Wind energy project by LWEPL-1,Lalpur Wind Energy Private Limited,Energy industries (renewable/non-renewable sources),,ACM0002,Registered,India,"101,865",Asia,2020-11-25,2017-01-01,2026-12-31
2069,Greenfield Solar Power Mission by Fortum India,Fortum India Private Limited,Energy industries (renewable/non-renewable sources),,ACM0002,Registered,India,"412,674",Asia,2020-12-06,2021-03-19,2031-03-18
2065,Renewable Energy Power Projects by Atria Power,Multiple Proponents,Energy industries (renewable/non-renewable sources),,ACM0002,Registered,India,"314,814",Asia,2020-04-17,2018-01-25,2028-01-24
2058,50MW Greenfield Solar Plant in UP by Jakson Group,Jakson Power Pvt. Ltd,Energy industries (renewable/non-renewable sources),,ACM0002,Registered,India,"85,873",Asia,2021-07-27,2021-07-01,2031-06-30
2059,Renewable Solar Power Project by Mahindra Renewables Private Limited,Mahindra Renewables Private Limited.,Energy industries (renewable/non-renewable sources),,ACM0002,Registered,India,"389,911",Asia,2022-05-12,2018-07-06,2028-07-05
2052,Renewable Wind Power Project by Axis Wind Farms (Rayalaseema) Pvt. Ltd,Axis Wind Farms (Rayalaseema) Pvt. Ltd,Energy industries (renewable/non-renewable sources),,ACM0002,Registered,India,"202,492",Asia,2020-08-20,2018-03-02,2028-03-01
2054,Installation of 240 MW Hydroelectric Project at Kutehr in the Chamba district of Himachal Pradesh by JSW Energy,JSW Energy Kutehr Ltd.,Energy industries (renewable/non-renewable sources),,ACM0002,Registered,India,"873,698",Asia,2020-07-20,2016-10-01,2026-09-30
2042,Renewable Wind Power Project by Adani,Adani Green Energy Limited,Energy industries (renewable/non-renewable sources),,ACM0002,Registered,India,"172,333",Asia,2021-03-24,2019-06-29,2029-06-28
2033,3.5 MW Small Hydro Project In Himachal Pradesh,Multiple Proponents,Energy industries (renewable/non-renewable sources),,AMS-I.D.,Registered,India,"14,462",Asia,2020-08-23,2018-02-23,2028-02-22
2038,Energising Indian homes by Solar rooftop projects,Azure Power India Pvt ltd,Energy industries (renewable/non-renewable sources),,ACM0002,Registered,India,"140,874",Asia,2021-04-12,2017-12-28,2027-12-27
2023,Renewable Solar Power Project By Rishabh Renergy,Rishabh Renergy Private Limited,Energy industries (renewable/non-renewable sources),,AMS-I.D.,Registered,India,"23,089",Asia,2021-07-12,2018-03-28,2028-03-27
2026,Allain Duhangan Hydroelectric Project (ADHP),AD Hydro Power Limited,Energy industries (renewable/non-renewable sources),,ACM0002,Registered,India,"494,668",Asia,2021-01-28,,
2017,Karnataka Pavagada-II Solar Project by Avaada (150 MW),Avaada Solarise Energy Private Limited,Energy industries (renewable/non-renewable sources),,ACM0002,Registered,India,"305,870",Asia,2020-11-18,2019-11-08,2029-11-07
2019,"100 MW grid connected Wind Power project in Jamnagar Gujarat, India",Verdant Renewables Private Limited,Energy industries (renewable/non-renewable sources),,ACM0002,Registered,India,"363,796",Asia,2022-11-03,2019-06-21,2029-06-20
2020,250 MW Wind Power Project by Mytrah Energy,M/s Mytrah Vayu (Sabarmati) Pvt. Ltd,Energy industries (renewable/non-renewable sources),,ACM0002,Registered,India,"506,370",Asia,2019-12-24,2019-01-30,2029-01-29
1993,Bundled Wind Power project in Koppal Karnataka,Multiple Proponents,Energy industries (renewable/non-renewable sources),,ACM0002,Registered,India,"266,634",Asia,2020-06-25,2018-03-02,2028-03-01
1985,"100 MW Bundled Wind Power Project in Anantapuram, Andhra Pradesh",Multiple Proponents,Energy industries (renewable/non-renewable sources),,ACM0002,Registered,India,"192,849",Asia,2020-02-07,2018-03-22,2028-03-21
1990,"40MW Bundled Solar Project in Telangana, India",Multiple Proponents,Energy industries (renewable/non-renewable sources),,ACM0002,Registered,India,"79,241",Asia,2020-03-16,2017-12-22,2027-12-21
1981,"Waste Heat Recovery Power Project at JK Cement Works (Unit of JK Cement Limited), Nimbahera, Chittorgarh, Rajasthan",JK Cement Ltd. (JKCL),Energy industries (renewable/non-renewable sources),,ACM0012,Registered,India,"70,796",Asia,2022-03-16,,
1976,Renewable Solar Power Project by Shapoorji Pallonji,Multiple Proponents,Energy industries (renewable/non-renewable sources),,ACM0002,Registered,India,"432,770",Asia,2020-08-23,2018-04-08,2028-04-07
1968,Grid Connected Wind Energy Project in Gujarat,Apraava Energy Private Limited,Energy industries (renewable/non-renewable sources),,ACM0002,Registered,India,"759,489",Asia,2020-05-08,2023-04-07,2033-04-06
1946,Renewable Wind Power Project by Hero Future Energies,Hero Future Energies Private Limited,Energy industries (renewable/non-renewable sources),,ACM0002,Registered,India,"50,140",Asia,2019-09-09,2017-12-29,2027-12-28
1941,Sustainable City Projects at India’s Cleanest City- Indore,Indore Smart City Development Ltd,Energy industries (renewable/non-renewable sources); Waste handling and disposal,,ACM0002; ACM0022,Registered,India,"283,396",Asia,2019-08-26,2017-10-12,2027-10-11
1934,"Patikari Hydro Electric Power Project in Distt-Mandi, Himachal Pradesh, India",Patikari Power Private Limited,Energy industries (renewable/non-renewable sources),,ACM0002,Registered,India,"58,583",Asia,2020-06-15,,
1931,Energising India using Solar Energy Projects,Azure Power India Pvt ltd,Energy industries (renewable/non-renewable sources),,ACM0002,Registered,India,"684,229",Asia,2019-11-26,2017-09-19,2027-09-18
1920,24.45 MW Biomass based project in Punjab,Satia Industries Limited,Energy industries (renewable/non-renewable sources),,ACM0006,Registered,India,"208,613",Asia,2019-09-17,2017-09-15,2027-09-14
1914,150 MW Solar Project in Karnataka by Avaada Solar,Avaada Solar Energy Private Limited,Energy industries (renewable/non-renewable sources),,ACM0002,Registered,India,"319,470",Asia,2020-05-08,2018-12-20,2028-12-19
1904,Wind Power Project in Tamil Nadu by Green Infra Renewable Energy Limited,Green Infra Renewable Energy Limited,Energy industries (renewable/non-renewable sources),,ACM0002,Registered,India,"707,515",Asia,2020-09-07,2018-10-08,2028-10-07
1893,"18 MW Kemphole Mini Hydel Scheme (KMHS), by International Power Corporation Limited, India",International Power Corporation Limited,Energy industries (renewable/non-renewable sources),,ACM0002,Registered,India,"44,548",Asia,2019-07-29,,
1891,Kishanganga Hydroelectric Project,NHPC Ltd,Energy industries (renewable/non-renewable sources),,ACM0002,Registered,India,"1,563,247",Asia,2019-07-09,2018-03-13,2028-03-12
1890,Grid Connected Solar Energy Project,Apraava Energy Private Limited,Energy industries (renewable/non-renewable sources),,ACM0002,Registered,India,"289,503",Asia,2019-05-08,2017-08-07,2027-08-06
1877,Thangarabalu Small Hydel Project at Karnataka,Kare Power Resources Private Limited. (KPRPL),Energy industries (renewable/non-renewable sources),,ACM0002,Registered,India,"53,983",Asia,2021-03-12,2015-09-16,2025-09-15
1878,"Bundled renewable energy project in Gujarat and Karnataka, India",Multiple Proponents,Energy industries (renewable/non-renewable sources),,AMS-I.D.,Registered,India,"11,842",Asia,2019-03-20,2018-03-08,2028-03-07
1862,Bundled Wind Power Project in Gujarat and Tamil Nadu,Multiple Proponents,Energy industries (renewable/non-renewable sources),,AMS-I.D.,Registered,India,"29,987",Asia,2021-02-23,,
1163,Wind Power Project in Tirupur District,NSL WInd Power Company Phoolwadi Private Limited,Energy industries (renewable/non-renewable sources),,ACM0002,Registered,India,"109,306",Asia,2020-04-06,,
1861,3.5MW Manuni Hydro Electric Project in Himanchal Pradesh by Winsome Textile Industries Ltd,Winsome Textile Industries Limited,Energy industries (renewable/non-renewable sources),,AMS-I.D.,Registered,India,"17,619",Asia,2020-07-09,2017-03-31,2027-03-30
1210,Green Energy Project at Kutch by Powerica Limited,POWERICA LIMITED,Energy industries (renewable/non-renewable sources),,ACM0002,Registered,India,"53,122",,2020-04-06,,
1211,Green Energy Project at Gujarat by Powerica Limited,POWERICA LIMITED,Energy industries (renewable/non-renewable sources),,ACM0002,Registered,India,"61,360",,2014-08-04,,
700,Wind power project at Tamilnadu by Powerica Limited,POWERICA LIMITED,Energy industries (renewable/non-renewable sources),,ACM0002,Registered,India,"32,956",Asia,2020-06-04,,
701,Wind power project at Gujarat by Powerica Limited,POWERICA LIMITED,Energy industries (renewable/non-renewable sources),,AMS-I.D.,Registered,India,"29,443",Asia,2020-04-06,,
1857,Grouped OFF-GRID Renewable Energy Project in India,Multiple Proponents,Energy industries (renewable/non-renewable sources),,AMS-I.F.,Registered,India,"38,366",Asia,2019-04-01,2017-04-01,2027-03-31
1856,Bundled Wind Power Project by Sembcorp Green Infra Limited in India,Green Infra Wind Energy Limited,Energy industries (renewable/non-renewable sources),,ACM0002,Registered,India,"191,006",Asia,2019-05-08,2017-03-02,2027-03-01
1854,20 MWAC (22 MWDC) SKCIL SOLAR POWER PLANT PROJECT,Shri Keshav Cements & Infra Ltd.,Energy industries (renewable/non-renewable sources),,ACM0002,Registered,India,"33,707",Asia,2020-04-23,2018-04-01,2028-03-31
1853,9.9 MW Wind Power Project by KPL International Ltd. in Gujarat,KPL International Limited,Energy industries (renewable/non-renewable sources),,AMS-I.D.,Registered,India,"24,232",Asia,2019-01-17,2017-02-28,2027-02-27
1842,100 MW SOLAR PROJECT IN BHADLA IN RAJASTHAN.,Clean Sustainable Energy Pvt. Ltd.,Energy industries (renewable/non-renewable sources),,ACM0002,Registered,India,"176,539",Asia,2019-01-03,2018-09-16,2028-09-15
1844,80 MW SOLAR BY FERMI SOLAR FARMS PVT LTD - CHALISGAON.,Fermi Solar Farms Pvt. Ltd.,Energy industries (renewable/non-renewable sources),,ACM0002,Registered,India,"206,705",Asia,2018-12-31,2018-04-14,2028-04-13
1831,"Wind Energy Project at Devbhoomi Dwaraka,Gujarat by Powerica Limited",POWERICA LIMITED,Energy industries (renewable/non-renewable sources),,ACM0002,Registered,India,"42,210",Asia,2019-03-21,,
1197,Chakala Wind Power Project in Maharashtra,M/s Bindu Vayu Urja Private Limited,Energy industries (renewable/non-renewable sources),,ACM0002,Registered,India,"74,307",Asia,2014-07-17,,
1830,Wind Power Project at Theni by Powerica Limited,POWERICA LIMITED,Energy industries (renewable/non-renewable sources),,AMS-I.D.,Registered,India,"21,864",Asia,2018-11-28,,
1822,10 MW wind power project by Powerica at BDS - Gujarat,POWERICA LIMITED,Energy industries (renewable/non-renewable sources),,AMS-I.D.,Registered,India,"24,816",Asia,2019-10-17,2017-02-04,2027-02-03
1823,"21.8 MW Wind Power Project at Jangi Vandhiya, Gujarat by Powerica Limited",POWERICA LIMITED,Energy industries (renewable/non-renewable sources),,ACM0002,Registered,India,"50,207",Asia,2018-11-21,,
1815,Renewable Solar Power Project by Adani Green Energy Limited,Adani Green Energy Limited,Energy industries (renewable/non-renewable sources),,ACM0002,Registered,India,"1,553,021",Asia,2019-10-17,2017-09-28,2027-09-27
1816,Wind power project in Tirunelveli Tamilnadu,Vaayu Renewable Energy (Tapti) Private Limited,Energy industries (renewable/non-renewable sources),,AMS-I.D.,Registered,India,"16,347",Asia,2020-04-17,2017-12-02,2027-12-01
1807,"Biomass based thermal energy generation project by Dynamic Fine Paper Mill at Polai Kalan, Deegod, Kota",Dynamic Fine Paper Mill Pvt. Ltd.,Energy industries (renewable/non-renewable sources),,AMS-I.C.,Registered,India,"43,938",Asia,2018-10-15,2016-11-21,2026-11-20
1805,Solar Energy Project(s) by SB Energy Private Limited,Adani Renewable Energy Devco Private Limited,Energy industries (renewable/non-renewable sources),,ACM0002,Registered,India,"4,354,646",Asia,2018-09-24,2017-02-27,2027-02-26
1195,Wind Power Project in Rajasthan,Mytrah Energy (INDIA) Ltd.,Energy industries (renewable/non-renewable sources),,ACM0002,Registered,India,"70,677",Asia,2020-04-06,,
1190,Wind power project in Gujarat,Mytrah Energy (India) Limited,Energy industries (renewable/non-renewable sources),,ACM0002,Registered,India,"48,273",Asia,2020-04-06,,
1800,12 MW Raura Hydro Project by DLI Power,DLI Power (India) Private Limited,Energy industries (renewable/non-renewable sources),,AMS-I.D.,Registered,India,"38,464",Asia,2021-02-25,2019-09-09,2029-09-08
1787,Renewable Power Project by Animala Wind Power Private Limited,Animala Wind Power Private Limited,Energy industries (renewable/non-renewable sources),,ACM0002,Registered,India,"163,843",Asia,2019-05-21,2017-03-30,2027-03-29
1788,Renewable Power Project by Saipuram Wind Energies Private Limited,Saipuram Wind Energies Private Limited,Energy industries (renewable/non-renewable sources),,ACM0002,Registered,India,"266,287",Asia,2018-08-14,2017-03-31,2027-03-30
1789,Renewable Power Project by SEI Kathiravan Power Private Limited,SEI Kathiravan Power Private Limited,Energy industries (renewable/non-renewable sources),,ACM0002,Registered,India,"77,356",Asia,2019-08-19,2017-03-09,2027-03-08
1790,Renewable Power Project by Axis Wind Farms (MPR Dam) Private Limited,Axis Wind Farms (MPR Dam) Private Limited,Energy industries (renewable/non-renewable sources),,ACM0002,Registered,India,"195,052",Asia,2018-08-14,2017-03-30,2027-03-29
1791,Pavagada Solar Renewable Power Project by Greenko Group,SEI Suryashakti Power Private Limited,Energy industries (renewable/non-renewable sources),,ACM0002,Registered,India,"139,239",Asia,2019-08-19,2017-03-30,2027-03-29
1792,Ghani Solar Renewable Power Project by Greenko Group,Zuvan Energy Private Limited,Energy industries (renewable/non-renewable sources),,ACM0002,Registered,India,"996,010",Asia,2018-08-14,2017-03-31,2027-03-30
1793,Renewable Power Project by Devarahipparigi Wind Power Private Limited,Devarahipparigi Wind Power Private Limited,Energy industries (renewable/non-renewable sources),,ACM0002,Registered,India,"195,052",Asia,2018-12-10,2017-03-25,2027-03-24
1782,"Solar PV Power Project by Prayatna Developers Pvt. Ltd. at Bhatinda, Punjab",Prayatna Developers Private Limited,Energy industries (renewable/non-renewable sources),,ACM0002,Registered,India,"167,973",Asia,2018-08-02,2016-09-17,2026-09-16
1783,72 MWac Ramnad Renewable Energy Project,Ramnad Renewable Energy Ltd,Energy industries (renewable/non-renewable sources),,ACM0002,Registered,India,"115,817",Asia,2018-08-02,2016-09-18,2026-09-17
1784,Solar Power Project by Mytrah Energy India Private Limited,JSW NEO ENERGY LIMITED,Energy industries (renewable/non-renewable sources),,ACM0002,Registered,India,"638,520",Asia,2020-04-06,2017-06-19,2027-06-18
1786,Solar Photovoltaic Project by Giriraj Renewables Private Limited,Avaada Energy Private Limited,Energy industries (renewable/non-renewable sources),,ACM0002,Registered,India,"234,677",Asia,2020-07-29,2018-03-02,2028-03-01
250,"Bundled Wind Power Project in Tamil Nadu, India, Co-ordinated by Tamil Nadu Spinning Mills Association(TASMA-V1)",TAMILNADU SPINNING MILLS ASSOCIATION (TASMA),Energy industries (renewable/non-renewable sources),,ACM0002,Registered,India,"82,064",Asia,2020-04-06,,
1776,Wind Power Project by Green Infra Wind Power Generation Limited,Green Infra Wind Power Generation Limited,Energy industries (renewable/non-renewable sources),,ACM0002,Registered,India,"79,147",Asia,2020-12-10,2016-08-12,2026-08-11
1772,Solar and Wind Power Project by NTPC Limited,NTPC GREEN ENERGY LIMITED,Energy industries (renewable/non-renewable sources),,ACM0002,Registered,India,"940,891",Asia,2018-06-29,2016-08-10,2026-08-09
1771,46 MW Mangoli Wind Power Project in Karnataka,Vena Energy KN Wind Power Private Limited,Energy industries (renewable/non-renewable sources),,ACM0002,Registered,India,"120,268",Asia,2019-08-13,2016-07-23,2026-07-22
1770,Bundled Solar Power Project by Vector Green Energy Private Limited,Multiple Proponents,Energy industries (renewable/non-renewable sources),,ACM0002,Registered,India,"163,888",Asia,2020-04-06,2016-06-28,2026-06-27
1768,216 MWac Kamuthi Solar Power Project,Kamuthi Solar Power Limited,Energy industries (renewable/non-renewable sources),,ACM0002,Registered,India,"346,117",Asia,2020-04-13,2016-09-18,2026-09-17
1767,Bundled Solar Power Project by Mahindra Susten Private Limited,Multiple Proponents,Energy industries (renewable/non-renewable sources),,ACM0002,Registered,India,"329,360",Asia,2019-05-16,2016-06-29,2026-06-28
1759,Methane Recovery and Power Generation Project at ESIPL,Everest Starch India Pvt. Ltd.,Energy industries (renewable/non-renewable sources); Waste handling and disposal,,AMS-I.F.; AMS-III.H.,Registered,India,"52,036",Asia,2020-04-13,2016-09-18,2026-09-17
766,Teesta- V Hydro Power project in Sikkim,NHPC Ltd,Energy industries (renewable/non-renewable sources),,ACM0002,Registered,India,"2,044,442",Asia,2020-04-06,,
1753,Bundled Solar Photovoltaic Project by ACME,Multiple Proponents,Energy industries (renewable/non-renewable sources),,ACM0002; AMS-I.D.,Registered,India,"2,078,589",Asia,2020-04-06,2017-02-10,2027-02-09
249,"Bundled Wind Power Project in Tamilnadu, India, Co-ordinated by Tamilnadu Spinning Mills Association(TASMA-II)",TAMILNADU SPINNING MILLS ASSOCIATION (TASMA),Energy industries (renewable/non-renewable sources),,ACM0002,Registered,India,"758,093",Asia,2020-04-06,,
974,"Sarbari II hydro power project by DSL Hydrowatt Limited in Kullu, Himachal Pradesh",DSL HYDROWATT PRIVATE LIMITED,Energy industries (renewable/non-renewable sources),,AMS-I.D.,Registered,India,"28,635",Asia,2020-04-06,,
483,"Sarbari-I small hydro project of DSL Hydrowatt Limited (DSLHL), Himachal Pradesh, India",DSL HYDROWATT PRIVATE LIMITED,Energy industries (renewable/non-renewable sources),,AMS-I.D.,Registered,India,"23,425",Asia,2020-04-06,,
1746,108 MW Fatanpur Wind Power Project in Madhya Pradesh,Multiple Proponents,Energy industries (renewable/non-renewable sources),,ACM0002,Registered,India,"212,745",Asia,2018-03-09,2016-03-11,2026-03-10
1744,4 MW Biomass based cogeneration plant by Godrej Agrovet Ltd.,Godrej Agrovet Limited,Energy industries (renewable/non-renewable sources),,AMS-I.C.,Registered,India,"97,671",Asia,2018-08-20,2018-10-01,2028-09-30
1745,Bundled Solar Power Project by Vector Green Sunshine Private Limited and Polepally Solar Parks Private Limited,Multiple Proponents,Energy industries (renewable/non-renewable sources),,ACM0002,Registered,India,"70,073",Asia,2018-04-18,2016-03-24,2026-03-23
1742,Hydroelectric Project in Kinnaur District in Himachal Pradesh,JSW Hydro Energy Limited,Energy industries (renewable/non-renewable sources),,ACM0002,Registered,India,"3,541,917",Asia,2018-05-14,,
773,8MW Waste Heat Recovery Based Power Project by Sree Rengaraaj Power India Private Limited,Multiple Proponents,Energy industries (renewable/non-renewable sources); Manufacturing industries,,ACM0012,Registered,India,"43,179",Asia,2011-12-18,,
1739,3 MW Hydro Power Project by Darjeeling Power Pvt. Ltd.,Darjeeling Power Pvt. Ltd,Energy industries (renewable/non-renewable sources),,AMS-I.D.,Registered,India,"16,404",Asia,2018-01-30,2016-04-15,2026-04-14
92,300MW Hydropower project by JHPL,JSW Hydro Energy Limited,Energy industries (renewable/non-renewable sources),,ACM0002,Registered,India,"1,052,463",Asia,2020-06-04,2006-04-01,2026-03-31
381,Bundled wind power project in Harshnath managed by Enercon (India) Limited,Wind World (India) Ltd.,Energy industries (renewable/non-renewable sources),,AMS-I.D.,Registered,India,"12,176",Asia,2020-04-06,,
1730,Bundled Solar PV based power generation by JKLCL,JK Lakshmi Cement Ltd.,Energy industries (renewable/non-renewable sources),,AMS-I.D.,Registered,India,"9,263",Asia,2017-11-29,2017-01-08,2027-01-07
1728,Bundled Wind Power Project by Mytrah Group,Multiple Proponents,Energy industries (renewable/non-renewable sources),,ACM0002,Registered,India,"921,296",Asia,2020-04-06,2015-12-30,2025-12-29
1291,"Hydro Power Project in backward district of Andhra Pradesh, India",Andhra Pradesh Power Generation Corporation Limited,Energy industries (renewable/non-renewable sources),,ACM0002,Registered,India,"364,520",Asia,2014-03-24,2018-08-18,2028-08-17
1709,140 MW Solar Photovoltaic Project in Rajasthan,Multiple Proponents,Energy industries (renewable/non-renewable sources),,ACM0002,Registered,India,"241,573",Asia,2019-08-19,2017-07-18,2027-07-17
1022,"Grid Connected Wind Power Project by M/s. D. J. Malpani at Ratan Ka Bas (RKB), Rajasthan",M/s D. J. Malpani,Energy industries (renewable/non-renewable sources),,AMS-I.D.,Registered,India,"7,497",Asia,2013-09-02,2021-12-06,2031-12-05
724,"53.75 MW Bundled wind Power project in Tamil Nadu  and Karnataka by KBD Group, India",Multiple Proponents,Energy industries (renewable/non-renewable sources),,ACM0002,Registered,India,"119,382",Asia,2020-04-06,,
1704,"Agricultural Land Management  project in Beed District, India implemented by Godrej Properties Ltd.",Godrej Properties Ltd,Agriculture Forestry and Other Land Use,REDD,VM0017,Registered,India,"33,764",Asia,2020-07-16,2017-07-28,2037-07-27
1691,5 MW Upper Awa Hydro Power Project in Himachal Pradesh by M/s Astha Projects (India) Limited,M/s Astha Projects (India) Limited,Energy industries (renewable/non-renewable sources),,AMS-I.D.,Registered,India,"19,411",Asia,2017-06-08,,
682,"Wind Power Project at Anthiyur, Tamil Nadu",Windage Power Company (P) LTD,Energy industries (renewable/non-renewable sources),,AMS-I.D.,Registered,India,"30,928",Asia,2020-06-04,2016-04-01,2026-03-31
604,Rajwakti Small Scale Hydropower Project,Him Urja Private Limited,Energy industries (renewable/non-renewable sources),,AMS-I.D.,Registered,India,"19,569",Asia,2020-04-06,2016-04-01,2026-03-31
557,Kadamane Mini Hydel Scheme-1 (KMHS-1),Paschim Hydro Energy Pvt. Ltd.,Energy industries (renewable/non-renewable sources),,AMS-I.D.,Registered,India,"32,128",,2020-04-06,2017-05-07,2027-05-06
1685,Grid connected 25 MW PV solar power project at Charanka in Gujarat,GMR Gujarat Solar Power Pvt. Ltd,Energy industries (renewable/non-renewable sources),,ACM0002,Registered,India,"34,462",Asia,2021-03-11,2022-03-04,2032-03-03
751,"22.5 MW Wind Power Project by Ruchi Soya Industries Limited at Palsodi, District-Ratlam, Madhya Pradesh",Ruchi Soya Industries Limited,Energy industries (renewable/non-renewable sources),,ACM0002,Registered,India,"46,323",Asia,2020-04-06,,
1194,Kaladonger Wind Power Project in Rajasthan,M/s Bindu Vayu Urja Private Limited,Energy industries (renewable/non-renewable sources),,ACM0002,Registered,India,"1,268,170",,2020-06-04,2022-02-18,2032-02-17
1679,"Bundled Wind Power Project in Madhya Pradesh, Gujarat and Kerala by D.J. Malpani",D. J Malpani,Energy industries (renewable/non-renewable sources),,ACM0002,Registered,India,"127,207",Asia,2020-04-28,2016-03-28,2026-03-27
790,Roaring 40s Wind Farms (Khandke) Private Limited - Phase III,CLP Wind Farms (Khandke) Private Limited,Energy industries (renewable/non-renewable sources),,ACM0002,Registered,India,"24,085",Asia,2012-03-07,,
1092,"SOLAR POWER PROJECT IN GUJARAT, INDIA BY WAA SOLAR LIMITED",Waa Solar Limited,Energy industries (renewable/non-renewable sources),,AMS-I.D.,Registered,India,"13,712",Asia,2020-06-04,,
1093,Solar Power Project by Sai Sudhir Energy Limited,Saisudhir Energy Limited,Energy industries (renewable/non-renewable sources),,AMS-I.D.,Registered,India,"8,117",Asia,2020-04-06,,
1109,Mithapur Solar Power Project,Tata Power Renewable Energy Limited,Energy industries (renewable/non-renewable sources),,ACM0002,Registered,India,"37,696",Asia,2020-04-06,,
1355,4.2 MW renewable energy based power generation project in Andhra Pradesh by Hi- Tech,Multiple Proponents,Energy industries (renewable/non-renewable sources),,AMS-I.D.,Registered,India,"8,152",Asia,2020-04-06,,
1352,"Bundled Wind Power Project in Tamilnadu, India, co-ordinated by Tamilnadu Spinning Mills Association (TASMA V1A)",TAMILNADU SPINNING MILLS ASSOCIATION (TASMA),Energy industries (renewable/non-renewable sources),,ACM0002,Registered,India,"83,772",Asia,2014-08-07,,
1673,AAC Block Project By HIL Limited,Hyderabad Industries Limited,Manufacturing industries,,AMS-III.Z,Registered,India,"21,636",Asia,2021-05-05,2015-11-28,2025-11-27
1671,"Wind based power generation by Panama Wind Energy Private Limited in Maharashtra, India",Panama Wind Energy Private Limited,Energy industries (renewable/non-renewable sources),,ACM0002,Registered,India,"186,270",Asia,2020-04-06,,
1241,Veer (NLBC) Small Hydro Power Project,Mahati Hydro Power Projects Private Limited,Energy industries (renewable/non-renewable sources),,AMS-I.D.,Registered,India,"10,067",Asia,2020-04-06,2022-05-20,2032-05-19
1670,Bundled Solar Power Project by D.J. Malpani and Giriraj Enterprises,Multiple Proponents,Energy industries (renewable/non-renewable sources),,ACM0002,Registered,India,"93,022",Asia,2020-04-06,,
1669,Bundled Wind Power Project by Giriraj Enterprises,Giriraj Enterprises,Energy industries (renewable/non-renewable sources),,ACM0002,Registered,India,"83,279",Asia,2020-04-06,,
1660,Wind bundle project in Maharashtra by Sispara,M/s Sispara Renewable Power Private Limited,Energy industries (renewable/non-renewable sources),,ACM0002,Registered,India,"60,746",Asia,2017-02-14,,
1651,AAC Block Manufacturing Using Energy Efficient Technology by JKLCL,JK Lakshmi Cement Ltd.,Manufacturing industries,,AMS-III.Z,Registered,India,"36,684",Asia,2017-08-08,2016-03-21,2026-03-20
1015,"Community-based reforestation project on degraded lands in Uttar Pradesh, India by Indian Farm Forestry Development Co-operative Limited",Indian Farm Forestry Development Co-operative Limited,Agriculture Forestry and Other Land Use,ARR,AR-AMS0005,Registered,India,"5,651",Asia,2013-10-08,2008-07-15,2038-07-14
292,"150 MW grid connected Wind Power based electricity generation project in Gujarat, India.",Vayu (Project 1) private limited,Energy industries (renewable/non-renewable sources),,ACM0002,Registered,India,"326,203",Asia,2020-04-06,,
644,"27.95MW Wind Energy Project in Coimbatore District in Tamilnadu, India.",LAKSHMI MACHINE WORKS LTD,Energy industries (renewable/non-renewable sources),,ACM0002,Registered,India,"60,778",Asia,2011-07-08,,
678,"16.45 MW bundled grid connected renewable energy project in Tamil Nadu, India.",Multiple Proponents,Energy industries (renewable/non-renewable sources),,ACM0002,Registered,India,"36,518",Asia,2020-06-04,,
308,"2.45 MW Wind Power Project in Rajasthan, India by Yamuna Power and Infrastructure Ltd.",Yamuna Power & Infrastructure Limited,Energy industries (renewable/non-renewable sources),,AMS-I.D.,Registered,India,"3,921",Asia,2020-04-06,,
909,Grid Connected Wind Power Project in Tamil Nadu,Apraava Renewable Energy Private Limited,Energy industries (renewable/non-renewable sources),,ACM0002,Registered,India,"54,105",Asia,2012-05-11,2020-07-02,2030-07-01
927,"13.75 MW wind power project in Davangere, Karnataka, India",Sargam Retails Pvt. Limited,Energy industries (renewable/non-renewable sources),,AMS-I.D.,Registered,India,"26,475",Asia,2020-04-06,,
314,"15 MW Bundled grid-connected wind electricity generation project in  Radhapuram Taluk of Tirunelveli District in Tamil Nadu, India",Multiple Proponents,Energy industries (renewable/non-renewable sources),,AMS-I.D.,Registered,India,"25,305",Asia,2010-02-10,,
8,15 MW Wind Energy Project in Maharashtra,M/s D. J. Malpani,Energy industries (renewable/non-renewable sources),,AMS-I.D.,Registered,India,"25,848",Asia,2009-03-19,2016-04-01,2026-03-31
624,"15 MW Biomass Residue Based Power Project at Ghazipur, India",Sukhbir Agro Energy Limited,Energy industries (renewable/non-renewable sources),,ACM0006,Registered,India,"67,259",Asia,2020-04-06,,
1582,Wind Grouped project by Hero Future Energies Private Limited (EKIESL-VCS-Aug-16-03),Hero Future Energies Private Limited,Energy industries (renewable/non-renewable sources),,ACM0002,Registered,India,"171,293",Asia,2017-06-08,2016-03-29,2026-03-28
610,"4.50 MW Akkihebbal Mini Hydel Scheme, Cauvery Hydro Energy Ltd., India",Cauvery Hydro Energy Limited,Energy industries (renewable/non-renewable sources),,AMS-I.D.,Registered,India,"10,000",Asia,2020-04-06,,
631,"13.25 MW Wind Power Generation by RMTL, in Kutch, Gujarat",Ratnamani Metals & Tubes Limited,Energy industries (renewable/non-renewable sources),,AMS-I.D.,Registered,India,"23,960",Asia,2020-04-06,,
1580,Solar Grouped project by ACME Group (EKIESL-VCS-Aug-16-01),Multiple Proponents,Energy industries (renewable/non-renewable sources),,ACM0002; AMS-I.D.,Registered,India,"730,457",Asia,2020-04-06,2015-06-22,2025-06-21
1579,Renewable Energy Project in Rajasthan & Maharashtra,LNB Renewable Energy Private Limited,Energy industries (renewable/non-renewable sources),,AMS-I.D.,Registered,India,"25,616",Asia,2017-01-20,,
911,Grid Connected Wind Energy Project in Tamil Nadu,Apraava Wind Energy (Theni - Project II) Private Limited,Energy industries (renewable/non-renewable sources),,ACM0002,Registered,India,"108,219",Asia,2020-06-04,2020-06-25,2030-06-24
1023,Grid Connected Wind Power Project by M/s Giriraj Enterprises in Madhya Pradesh,M/s Giriraj Enterprises,Energy industries (renewable/non-renewable sources),,AMS-I.D.,Registered,India,"23,859",Asia,2014-01-14,,
619,15 MW Grid Connected Renewable Energy Wind Turbine in Karnataka,MINERAL ENTERPRISES LIMITED,Energy industries (renewable/non-renewable sources),,AMS-I.D.,Registered,India,"32,275",Asia,2020-04-06,2016-04-01,2026-03-31
566,10 MW Wind Power Project in Maharashtra by Deepak Fertilizers and Petrochemicals Corporation Limited,Deepak Fertilisers and Petrochemical Corp. Ltd.,Energy industries (renewable/non-renewable sources),,AMS-I.D.,Registered,India,"14,313",Asia,2020-04-06,,
1574,Bundled Solar VCS Project by EKIESL (EKIESL- VCS.Oct 2016-01),Multiple Proponents,Energy industries (renewable/non-renewable sources),,AMS-I.D.,Registered,India,"131,339",Asia,2022-07-29,,
1024,"Grid Connected Wind Power Project by M/s. Giriraj Enterprises at Tejuva, Rajasthan",M/s Giriraj Enterprises,Energy industries (renewable/non-renewable sources),,AMS-I.D.,Registered,India,"13,600",Asia,2014-01-14,2021-03-31,2031-03-30
1328,Araku Valley Livelihood Project,Livelihoods Fund SICAV SIF,Agriculture Forestry and Other Land Use,ARR,AR-ACM0003,Registered,India,"80,660",,2020-04-06,2010-08-27,2030-08-26
1567,Wind Power Project in Rajasthan by LWEPL,Lalpur Wind Energy Private Limited,Energy industries (renewable/non-renewable sources),,ACM0002,Registered,India,"73,290",Asia,2016-09-22,,
370,Grid connected bundled wind power project in Gujarat managed by Enercon (India) Limited,Wind World (India) Ltd.,Energy industries (renewable/non-renewable sources),,ACM0002,Registered,India,"29,562",Asia,2020-04-06,,
412,"Bundled wind energy generation projects in Gujarat, India",Wind World (India) Ltd.,Energy industries (renewable/non-renewable sources),,ACM0002,Registered,India,"91,266",Asia,2020-04-06,,
925,Bundled Wind Power Project by M/s D. J Malpani,M/s D. J. Malpani,Energy industries (renewable/non-renewable sources),,AMS-I.D.,Registered,India,"11,233",Asia,2020-06-04,,
835,"44.40 MW Wind Energy Project by Ruchi Soya Industries Limited, India",Ruchi Soya Industries Limited,Energy industries (renewable/non-renewable sources),,ACM0002,Registered,India,"81,853",Asia,2020-04-06,,
1353,"Bundled Wind Power Project in Tamilnadu, India, co-ordinated by Tamilnadu Spinning Mills Association (TASMA-V2)",TAMILNADU SPINNING MILLS ASSOCIATION (TASMA),Energy industries (renewable/non-renewable sources),,ACM0002,Registered,India,"417,392",Asia,2020-04-06,,
1203,Suzlon 8.40 MW Wind Power Project,Kishangarh Hi-tech Textile Park Ltd,Energy industries (renewable/non-renewable sources),,AMS-I.D.,Registered,India,"13,081",Africa,2020-06-04,2020-12-31,2030-12-30
1560,Tejuva-Chandgarh Wind Project,CLP Wind Farms (India) Private Limited,Energy industries (renewable/non-renewable sources),,ACM0002,Registered,India,"261,891",Asia,2020-04-06,,
1209,Wind Power Project at Bhachau by Powerica Limited,POWERICA LIMITED,Energy industries (renewable/non-renewable sources),,ACM0002,Registered,India,"22,398",,2020-04-06,,
1419,Wind Power Project by Rajasthan Gum Private Limited (EKI.CDM.July-11-01),Rajasthan Gum Private Limited,Energy industries (renewable/non-renewable sources),,AMS-I.D.,Registered,India,"20,357",Asia,2020-04-06,2021-09-24,2031-09-23
510,4 MW Kirloskar Wind Farms in Maharashtra,Wind World (India) Ltd.,Energy industries (renewable/non-renewable sources),,AMS-I.D.,Registered,India,"6,851",Asia,2020-04-06,,
1551,Wind Power Project by Rajasthan Gum Private Limited (EKIESL-CDM.September-12-02),Rajasthan Gum Private Limited,Energy industries (renewable/non-renewable sources),,AMS-I.D.,Registered,India,"24,213",Asia,2020-04-06,,
489,44 MW Bundled Wind Power Project in Maharashtra managed by Enercon India Limited.,Wind World (India) Ltd.,Energy industries (renewable/non-renewable sources),,ACM0002,Registered,India,"75,368",Asia,2020-04-06,2016-04-01,2026-03-31
1547,5MW Biomass Based Cogeneration Project at Sainsons,Multiple Proponents,Energy industries (renewable/non-renewable sources),,ACM0006,Registered,India,"28,442",Asia,2016-11-07,2017-01-01,2026-12-31
380,MRF wind power project in Tamilnadu managed by Enercon India Limited,Wind World (India) Ltd.,Energy industries (renewable/non-renewable sources),,ACM0002,Registered,India,"28,156",Asia,2020-04-06,,
706,51 MW Wind Power Project at Chitradurga,M/s. NSL Renewable Power Private Limited,Energy industries (renewable/non-renewable sources),,ACM0002,Registered,India,"127,993",Asia,2020-04-06,2018-06-06,2028-06-05
1315,Biomass based cogeneration plant at Godrej Agrovet Ltd. Chintampalli,Godrej Agrovet Limited,Energy industries (renewable/non-renewable sources),,AMS-I.C.,Registered,India,"86,509",Asia,2014-08-14,,
1539,Gangakhed Sugar & Energy Private Ltd (GSEPL) 30 MW Bagasse Based Co-generation Power Project,Gangakhed Sugar & Energy Private Limited (GSEPL),Energy industries (renewable/non-renewable sources),,ACM0006,Registered,India,"64,480",Asia,2020-04-06,,
1337,AAC blocks manufacturing unit based on an energy efficient brick/block manufacturing technology by Biltech Building Elements (surat),Biltech Building Elemnts Limited,Manufacturing industries,,AMS-III.Z,Registered,India,"23,054",Asia,2020-04-06,,
1026,Solar Power Plant of 5 MW in Rajasthan by Essel Mining and Refex Refrigerants Limited,Essel Mining & Industries Limited,Energy industries (renewable/non-renewable sources),,AMS-I.D.,Registered,India,"8,706",Asia,2013-09-26,,
93,86 MW Hydro Project in Himachal Pradesh,Malana Power Company Limited,Energy industries (renewable/non-renewable sources),,ACM0002,Registered,India,"251,283",Asia,2020-04-06,2001-07-05,2031-07-04
1020,Solar Power Plant of 15MW in Gujarat by Palace Solar Energy Private Limited,Palace Solar Energy Private Limited.,Energy industries (renewable/non-renewable sources),,AMS-I.D.,Registered,India,"23,072",Asia,2020-04-06,,
1525,Wind power project at Jaibhim by SIIL,Serum Institute of India Limited,Energy industries (renewable/non-renewable sources),,ACM0002,Registered,India,"52,898",Asia,2020-04-06,,
1526,Wind energy project in different locations of India,Evergreen Ecotech Private Limited,Energy industries (renewable/non-renewable sources),,ACM0002,Registered,India,"258,767",Asia,2022-01-04,,
1521,Wind Based Power Generation by Mytrah Energy (India) Limited (EKIESL-VCS-January-16-01),JSW NEO ENERGY LIMITED,Energy industries (renewable/non-renewable sources),,ACM0002,Registered,India,"479,448",Asia,2020-04-06,,
173,Vishnuprayag Hydro-electric Project (VHEP) by Jaiprakash Power Ventures Ltd.(JPVL),Jaiprakash Power Ventures Limited,Energy industries (renewable/non-renewable sources),,ACM0002,Registered,India,"1,468,106",Asia,2020-04-06,,
910,"Wind energy project in Samana, Gujarat and Saundatti, Karnataka",Apraava Renewable Energy Private Limited,Energy industries (renewable/non-renewable sources),,ACM0002,Registered,India,"105,736",Asia,2020-04-06,2020-06-23,2030-06-22
1520,"Wind Project in Maharashtra, India by Kayathar and Jath",M/s NSL Wind Power Company (Kayathar) Pvt. Ltd.,Energy industries (renewable/non-renewable sources),,ACM0002,Registered,India,"118,598",Asia,2020-04-06,,
1519,"Satara Wind Power Project in Maharashtra, India",NSL Wind Power Company (Satara) Pvt. Ltd.,Energy industries (renewable/non-renewable sources),,ACM0002,Registered,India,"51,335",Asia,2020-04-06,,
1303,Biomass based Renewable Energy Generation at Karnal,Modern Dairies Limited,Energy industries (renewable/non-renewable sources),,AMS-I.C.,Registered,India,"47,043",Asia,2022-05-12,2022-10-03,2032-10-02
1497,VCS Grouped Project for Renewable Power Generation by Essel Mining and Industries Limited,Multiple Proponents,Energy industries (renewable/non-renewable sources),,ACM0002; AMS-I.D.; AMS-I.F.,Registered,India,"247,123",Asia,2020-04-06,,
1495,Selco Clean Energy Products Grouped Project,Selco Solar Pvt. Ltd.,Energy industries (renewable/non-renewable sources),,AMS-I.J; AMS-I.F.; AMS-III.AR,Registered,India,"34,551",Asia,2015-12-07,,
1342,"AAC Block/Panel Manufacturing unit at Krishna, Andhra Pradesh",Multiple Proponents,Manufacturing industries,,AMS-III.Z,Registered,India,"56,107",Asia,2015-09-15,,
1424,Uri II Hydroelectric Project,NHPC Ltd,Energy industries (renewable/non-renewable sources),,ACM0002,Registered,India,"1,048,427",Asia,2016-03-17,,
1425,Parbati Hydroelectric Project Stage III,NHPC Ltd,Energy industries (renewable/non-renewable sources),,ACM0002,Registered,India,"708,572",Asia,2016-03-17,,
1423,"Teesta Low Dam Project, Stage-IV",NHPC Ltd,Energy industries (renewable/non-renewable sources),,ACM0002,Registered,India,"696,816",Asia,2016-03-17,2016-02-14,2026-02-13
1338,AAC blocks manufacturing unit based on an energy efficient brick/block manufacturing technology by Biltech Building Elements (Budge-Budge),Biltech Building Elemnts Limited,Manufacturing industries,,AMS-III.Z,Registered,India,"34,208",Asia,2020-04-06,,
1479,Wind Power Project of CLP Wind Farms (India) Private Limited at Jath,Apraava Renewable Energy Private Limited,Energy industries (renewable/non-renewable sources),,ACM0002,Registered,India,"97,400",Asia,2020-04-06,,
1480,"Wind power project in Maharashtra, India - Andhra Lake Phase - I",Apraava Renewable Energy Private Limited,Energy industries (renewable/non-renewable sources),,ACM0002,Registered,India,"82,885",Asia,2020-04-06,2021-08-19,2031-08-18
1481,"Wind power project in Maharashtra, India - Andhra Lake Phase - II",Apraava Renewable Energy Private Limited,Energy industries (renewable/non-renewable sources),,ACM0002,Registered,India,"113,226",Asia,2020-04-06,,
1482,"Wind Energy Project in Harapanahalli, Karnataka",Apraava Renewable Energy Private Limited,Energy industries (renewable/non-renewable sources),,ACM0002,Registered,India,"75,597",Asia,2015-09-07,2021-01-21,2031-01-20
1413,Grid Interactive Solar Photovoltaic Power Project in Gujarat,Samta Energy Private Limited,Energy industries (renewable/non-renewable sources),,ACM0002,Registered,India,"41,034",Asia,2015-08-03,,
1261,Grid connected electricity generation using natural gas by Lanco Kondapalli Power Limited,Lanco Kondapalli Power Limited,Energy industries (renewable/non-renewable sources),,AM0029,Registered,India,"830,133",Asia,2020-04-06,,
281,Bundled Wind Power Project in Tamil Nadu managed by Enercon India Limited-I,Enercon (India) Limited,Energy industries (renewable/non-renewable sources),,ACM0002,Registered,India,"29,342",Asia,2020-04-06,,
1463,India Sundarbans Mangrove Restoration,Livelihoods Fund SICAV SIF,Agriculture Forestry and Other Land Use,ARR,AR-AM0014,Registered,India,"51,249",Asia,2020-04-06,2010-09-28,2030-09-27
1081,"Clean Energy Generation in Gujarat, India",Wind World Wind Resources Development Private Limited,Energy industries (renewable/non-renewable sources),,AMS-I.D.,Registered,India,"23,436",Asia,2020-04-06,,
500,"Positive Climate Care 3.55 MW bundled Grid connected Wind Power Project Activity in Jaisalmer, Rajasthan, India",Multiple Proponents,Energy industries (renewable/non-renewable sources),,AMS-I.D.,Registered,India,"3,120",Asia,2010-10-08,,
1447,199.70 MW Wind Project in Maharashtra by BWDPL,Bothe Windfarm Development Pvt. Ltd.,Energy industries (renewable/non-renewable sources),,ACM0002,Registered,India,"138,354",Asia,2020-04-06,,
1441,"Bundled clean energy project in jamnagar, Gujarat",Vish Wind Infrastructure LLP,Energy industries (renewable/non-renewable sources),,AMS-I.D.,Registered,India,"25,641",Asia,2020-04-06,,
784,1.6 MW Bundled Rice Husk Based Cogeneration Plant by M/s Milk food Limited (MFL) in Patiala (Punjab) & Moradabad (U.P) Districts,Multiple Proponents,Energy industries (renewable/non-renewable sources),,AMS-I.C.; AMS-I.D.,Registered,India,"65,258",Asia,2020-04-06,,
1404,"Vaspet-II and Vaspet-III Wind Power Project, Maharashtra",ReNew Wind Energy (Shivpur) Private Limited,Energy industries (renewable/non-renewable sources),,ACM0002,Registered,India,"85,105",Asia,2020-04-06,2023-04-03,2033-04-02
1257,Wind Power Project of CLP Wind Farms (India) Private Limited,Apraava Renewable Energy Private Limited,Energy industries (renewable/non-renewable sources),,ACM0002,Registered,India,"365,404",,2020-04-06,2022-03-22,2032-03-21
